,RANKING,TEAM,POINTS,GAMES,WINS,DRAWS,LOSSES,GOALS_FOR,GOALS_AGAINST,POINTS_HOME,GAMES_HOME,WINS_HOME,DRAWS_HOME,LOSSES_HOME,GOALS_FOR_HOME,GOALS_AGAINST_HOME,POINTS_AWAY,GAMES_AWAY,WINS_AWAY,DRAWS_AWAY,LOSSES_AWAY,GOALS_FOR_AWAY,GOALS_AGAINST_AWAY,DAY
0,1,Lazio,3.0,1.0,1.0,0.0,0.0,4.0,3.0,0.0,0.0,0.0,0.0,0.0,0.0,0.0,3.0,1.0,1.0,0.0,0.0,4.0,3.0,1
1,2,Chievo Verona,3.0,1.0,1.0,0.0,0.0,2.0,0.0,3.0,1.0,1.0,0.0,0.0,2.0,0.0,0.0,0.0,0.0,0.0,0.0,0.0,0.0,1
2,3,Sassuolo,3.0,1.0,1.0,0.0,0.0,1.0,0.0,0.0,0.0,0.0,0.0,0.0,0.0,0.0,3.0,1.0,1.0,0.0,0.0,1.0,0.0,1
3,4,Sampdoria,3.0,1.0,1.0,0.0,0.0,1.0,0.0,0.0,0.0,0.0,0.0,0.0,0.0,0.0,3.0,1.0,1.0,0.0,0.0,1.0,0.0,1
4,5,Roma,3.0,1.0,1.0,0.0,0.0,4.0,0.0,3.0,1.0,1.0,0.0,0.0,4.0,0.0,0.0,0.0,0.0,0.0,0.0,0.0,0.0,1
5,6,Genoa,3.0,1.0,1.0,0.0,0.0,3.0,1.0,3.0,1.0,1.0,0.0,0.0,3.0,1.0,0.0,0.0,0.0,0.0,0.0,0.0,0.0,1
6,7,Juventus,3.0,1.0,1.0,0.0,0.0,2.0,1.0,3.0,1.0,1.0,0.0,0.0,2.0,1.0,0.0,0.0,0.0,0.0,0.0,0.0,0.0,1
7,8,Bologna,3.0,1.0,1.0,0.0,0.0,1.0,0.0,3.0,1.0,1.0,0.0,0.0,1.0,0.0,0.0,0.0,0.0,0.0,0.0,0.0,0.0,1
8,9,Milan,3.0,1.0,1.0,0.0,0.0,3.0,2.0,3.0,1.0,1.0,0.0,0.0,3.0,2.0,0.0,0.0,0.0,0.0,0.0,0.0,0.0,1
9,10,Pescara,1.0,1.0,0.0,1.0,0.0,2.0,2.0,1.0,1.0,0.0,1.0,0.0,2.0,2.0,0.0,0.0,0.0,0.0,0.0,0.0,0.0,1
10,11,Napoli,1.0,1.0,0.0,1.0,0.0,2.0,2.0,0.0,0.0,0.0,0.0,0.0,0.0,0.0,1.0,1.0,0.0,1.0,0.0,2.0,2.0,1
11,12,Palermo,0.0,1.0,0.0,0.0,1.0,0.0,1.0,0.0,1.0,0.0,0.0,1.0,0.0,1.0,0.0,0.0,0.0,0.0,0.0,0.0,0.0,1
12,13,Torino,0.0,1.0,0.0,0.0,1.0,2.0,3.0,0.0,0.0,0.0,0.0,0.0,0.0,0.0,0.0,1.0,0.0,0.0,1.0,2.0,3.0,1
13,14,Atalanta,0.0,1.0,0.0,0.0,1.0,3.0,4.0,0.0,1.0,0.0,0.0,1.0,3.0,4.0,0.0,0.0,0.0,0.0,0.0,0.0,0.0,1
14,15,Inter,0.0,1.0,0.0,0.0,1.0,0.0,2.0,0.0,0.0,0.0,0.0,0.0,0.0,0.0,0.0,1.0,0.0,0.0,1.0,0.0,2.0,1
15,16,Fiorentina,0.0,1.0,0.0,0.0,1.0,1.0,2.0,0.0,0.0,0.0,0.0,0.0,0.0,0.0,0.0,1.0,0.0,0.0,1.0,1.0,2.0,1
16,17,Empoli,0.0,1.0,0.0,0.0,1.0,0.0,1.0,0.0,1.0,0.0,0.0,1.0,0.0,1.0,0.0,0.0,0.0,0.0,0.0,0.0,0.0,1
17,18,Crotone,0.0,1.0,0.0,0.0,1.0,0.0,1.0,0.0,0.0,0.0,0.0,0.0,0.0,0.0,0.0,1.0,0.0,0.0,1.0,0.0,1.0,1
18,19,Cagliari,0.0,1.0,0.0,0.0,1.0,1.0,3.0,0.0,0.0,0.0,0.0,0.0,0.0,0.0,0.0,1.0,0.0,0.0,1.0,1.0,3.0,1
19,20,Udinese,0.0,1.0,0.0,0.0,1.0,0.0,4.0,0.0,0.0,0.0,0.0,0.0,0.0,0.0,0.0,1.0,0.0,0.0,1.0,0.0,4.0,1
0,1,Sampdoria,6.0,2.0,2.0,0.0,0.0,3.0,1.0,3.0,1.0,1.0,0.0,0.0,2.0,1.0,3.0,1.0,1.0,0.0,0.0,1.0,0.0,2
1,2,Genoa,6.0,2.0,2.0,0.0,0.0,6.0,2.0,3.0,1.0,1.0,0.0,0.0,3.0,1.0,3.0,1.0,1.0,0.0,0.0,3.0,1.0,2
2,3,Juventus,6.0,2.0,2.0,0.0,0.0,3.0,1.0,3.0,1.0,1.0,0.0,0.0,2.0,1.0,3.0,1.0,1.0,0.0,0.0,1.0,0.0,2
3,4,Roma,4.0,2.0,1.0,1.0,0.0,6.0,2.0,3.0,1.0,1.0,0.0,0.0,4.0,0.0,1.0,1.0,0.0,1.0,0.0,2.0,2.0,2
4,5,Pescara,4.0,2.0,1.0,1.0,0.0,5.0,2.0,1.0,1.0,0.0,1.0,0.0,2.0,2.0,3.0,1.0,1.0,0.0,0.0,3.0,0.0,2
5,6,Napoli,4.0,2.0,1.0,1.0,0.0,6.0,4.0,3.0,1.0,1.0,0.0,0.0,4.0,2.0,1.0,1.0,0.0,1.0,0.0,2.0,2.0,2
6,7,Lazio,3.0,2.0,1.0,0.0,1.0,4.0,4.0,0.0,1.0,0.0,0.0,1.0,0.0,1.0,3.0,1.0,1.0,0.0,0.0,4.0,3.0,2
7,8,Milan,3.0,2.0,1.0,0.0,1.0,5.0,6.0,3.0,1.0,1.0,0.0,0.0,3.0,2.0,0.0,1.0,0.0,0.0,1.0,2.0,4.0,2
8,9,Torino,3.0,2.0,1.0,0.0,1.0,7.0,4.0,3.0,1.0,1.0,0.0,0.0,5.0,1.0,0.0,1.0,0.0,0.0,1.0,2.0,3.0,2
9,10,Sassuolo,3.0,2.0,1.0,0.0,1.0,1.0,3.0,0.0,1.0,0.0,0.0,1.0,0.0,3.0,3.0,1.0,1.0,0.0,0.0,1.0,0.0,2
10,11,Udinese,3.0,2.0,1.0,0.0,1.0,2.0,4.0,3.0,1.0,1.0,0.0,0.0,2.0,0.0,0.0,1.0,0.0,0.0,1.0,0.0,4.0,2
11,12,Bologna,3.0,2.0,1.0,0.0,1.0,2.0,5.0,3.0,1.0,1.0,0.0,0.0,1.0,0.0,0.0,1.0,0.0,0.0,1.0,1.0,5.0,2
12,13,Fiorentina,3.0,2.0,1.0,0.0,1.0,2.0,2.0,3.0,1.0,1.0,0.0,0.0,1.0,0.0,0.0,1.0,0.0,0.0,1.0,1.0,2.0,2
13,14,Chievo Verona,3.0,2.0,1.0,0.0,1.0,2.0,1.0,3.0,1.0,1.0,0.0,0.0,2.0,0.0,0.0,1.0,0.0,0.0,1.0,0.0,1.0,2
14,15,Inter,1.0,2.0,0.0,1.0,1.0,1.0,3.0,1.0,1.0,0.0,1.0,0.0,1.0,1.0,0.0,1.0,0.0,0.0,1.0,0.0,2.0,2
15,16,Palermo,1.0,2.0,0.0,1.0,1.0,1.0,2.0,0.0,1.0,0.0,0.0,1.0,0.0,1.0,1.0,1.0,0.0,1.0,0.0,1.0,1.0,2
16,17,Cagliari,1.0,2.0,0.0,1.0,1.0,3.0,5.0,1.0,1.0,0.0,1.0,0.0,2.0,2.0,0.0,1.0,0.0,0.0,1.0,1.0,3.0,2
17,18,Empoli,0.0,2.0,0.0,0.0,2.0,0.0,3.0,0.0,1.0,0.0,0.0,1.0,0.0,1.0,0.0,1.0,0.0,0.0,1.0,0.0,2.0,2
18,19,Crotone,0.0,2.0,0.0,0.0,2.0,1.0,4.0,0.0,1.0,0.0,0.0,1.0,1.0,3.0,0.0,1.0,0.0,0.0,1.0,0.0,1.0,2
19,20,Atalanta,0.0,2.0,0.0,0.0,2.0,4.0,6.0,0.0,1.0,0.0,0.0,1.0,3.0,4.0,0.0,1.0,0.0,0.0,1.0,1.0,2.0,2
0,1,Juventus,9.0,3.0,3.0,0.0,0.0,6.0,2.0,6.0,2.0,2.0,0.0,0.0,5.0,2.0,3.0,1.0,1.0,0.0,0.0,1.0,0.0,3
1,2,Genoa,9.0,3.0,3.0,0.0,0.0,7.0,2.0,6.0,2.0,2.0,0.0,0.0,4.0,1.0,3.0,1.0,1.0,0.0,0.0,3.0,1.0,3
2,3,Roma,7.0,3.0,2.0,1.0,0.0,9.0,4.0,6.0,2.0,2.0,0.0,0.0,7.0,2.0,1.0,1.0,0.0,1.0,0.0,2.0,2.0,3
3,4,Napoli,7.0,3.0,2.0,1.0,0.0,9.0,4.0,3.0,1.0,1.0,0.0,0.0,4.0,2.0,4.0,2.0,1.0,1.0,0.0,5.0,2.0,3
4,5,Udinese,6.0,3.0,2.0,0.0,1.0,3.0,4.0,3.0,1.0,1.0,0.0,0.0,2.0,0.0,3.0,2.0,1.0,0.0,1.0,1.0,4.0,3
5,6,Sampdoria,6.0,3.0,2.0,0.0,1.0,5.0,4.0,3.0,1.0,1.0,0.0,0.0,2.0,1.0,3.0,2.0,1.0,0.0,1.0,3.0,3.0,3
6,7,Bologna,6.0,3.0,2.0,0.0,1.0,4.0,6.0,6.0,2.0,2.0,0.0,0.0,3.0,1.0,0.0,1.0,0.0,0.0,1.0,1.0,5.0,3
7,8,Pescara,4.0,3.0,1.0,1.0,1.0,6.0,4.0,1.0,2.0,0.0,1.0,1.0,3.0,4.0,3.0,1.0,1.0,0.0,0.0,3.0,0.0,3
8,9,Lazio,4.0,3.0,1.0,1.0,1.0,5.0,5.0,0.0,1.0,0.0,0.0,1.0,0.0,1.0,4.0,2.0,1.0,1.0,0.0,5.0,4.0,3
9,10,Inter,4.0,3.0,1.0,1.0,1.0,3.0,4.0,1.0,1.0,0.0,1.0,0.0,1.0,1.0,3.0,2.0,1.0,0.0,1.0,2.0,3.0,3
10,11,Chievo Verona,4.0,3.0,1.0,1.0,1.0,3.0,2.0,4.0,2.0,1.0,1.0,0.0,3.0,1.0,0.0,1.0,0.0,0.0,1.0,0.0,1.0,3
11,12,Fiorentina,3.0,3.0,1.0,0.0,2.0,2.0,3.0,3.0,1.0,1.0,0.0,0.0,1.0,0.0,0.0,2.0,0.0,0.0,2.0,1.0,3.0,3
12,13,Milan,3.0,3.0,1.0,0.0,2.0,5.0,7.0,3.0,2.0,1.0,0.0,1.0,3.0,3.0,0.0,1.0,0.0,0.0,1.0,2.0,4.0,3
13,14,Empoli,3.0,3.0,1.0,0.0,2.0,2.0,4.0,3.0,2.0,1.0,0.0,1.0,2.0,2.0,0.0,1.0,0.0,0.0,1.0,0.0,2.0,3
14,15,Sassuolo,3.0,3.0,1.0,0.0,2.0,2.0,6.0,0.0,1.0,0.0,0.0,1.0,0.0,3.0,3.0,2.0,1.0,0.0,1.0,2.0,3.0,3
15,16,Torino,3.0,3.0,1.0,0.0,2.0,8.0,6.0,3.0,1.0,1.0,0.0,0.0,5.0,1.0,0.0,2.0,0.0,0.0,2.0,3.0,5.0,3
16,17,Atalanta,3.0,3.0,1.0,0.0,2.0,6.0,7.0,3.0,2.0,1.0,0.0,1.0,5.0,5.0,0.0,1.0,0.0,0.0,1.0,1.0,2.0,3
17,18,Palermo,1.0,3.0,0.0,1.0,2.0,1.0,5.0,0.0,2.0,0.0,0.0,2.0,0.0,4.0,1.0,1.0,0.0,1.0,0.0,1.0,1.0,3
18,19,Cagliari,1.0,3.0,0.0,1.0,2.0,4.0,7.0,1.0,1.0,0.0,1.0,0.0,2.0,2.0,0.0,2.0,0.0,0.0,2.0,2.0,5.0,3
19,20,Crotone,0.0,3.0,0.0,0.0,3.0,2.0,6.0,0.0,1.0,0.0,0.0,1.0,1.0,3.0,0.0,2.0,0.0,0.0,2.0,1.0,3.0,3
0,1,Napoli,10.0,4.0,3.0,1.0,0.0,12.0,5.0,6.0,2.0,2.0,0.0,0.0,7.0,3.0,4.0,2.0,1.0,1.0,0.0,5.0,2.0,4
1,2,Genoa,9.0,4.0,3.0,0.0,1.0,7.0,4.0,6.0,2.0,2.0,0.0,0.0,4.0,1.0,3.0,2.0,1.0,0.0,1.0,3.0,3.0,4
2,3,Juventus,9.0,4.0,3.0,0.0,1.0,7.0,4.0,6.0,2.0,2.0,0.0,0.0,5.0,2.0,3.0,2.0,1.0,0.0,1.0,2.0,2.0,4
3,4,Lazio,7.0,4.0,2.0,1.0,1.0,8.0,5.0,3.0,2.0,1.0,0.0,1.0,3.0,1.0,4.0,2.0,1.0,1.0,0.0,5.0,4.0,4
4,5,Chievo Verona,7.0,4.0,2.0,1.0,1.0,5.0,3.0,4.0,2.0,1.0,1.0,0.0,3.0,1.0,3.0,2.0,1.0,0.0,1.0,2.0,2.0,4
5,6,Roma,7.0,4.0,2.0,1.0,1.0,9.0,5.0,6.0,2.0,2.0,0.0,0.0,7.0,2.0,1.0,2.0,0.0,1.0,1.0,2.0,3.0,4
6,7,Inter,7.0,4.0,2.0,1.0,1.0,5.0,5.0,4.0,2.0,1.0,1.0,0.0,3.0,2.0,3.0,2.0,1.0,0.0,1.0,2.0,3.0,4
7,8,Milan,6.0,4.0,2.0,0.0,2.0,6.0,7.0,3.0,2.0,1.0,0.0,1.0,3.0,3.0,3.0,2.0,1.0,0.0,1.0,3.0,4.0,4
8,9,Sassuolo,6.0,4.0,2.0,0.0,2.0,4.0,6.0,3.0,2.0,1.0,0.0,1.0,2.0,3.0,3.0,2.0,1.0,0.0,1.0,2.0,3.0,4
9,10,Sampdoria,6.0,4.0,2.0,0.0,2.0,5.0,5.0,3.0,2.0,1.0,0.0,1.0,2.0,2.0,3.0,2.0,1.0,0.0,1.0,3.0,3.0,4
10,11,Udinese,6.0,4.0,2.0,0.0,2.0,4.0,6.0,3.0,2.0,1.0,0.0,1.0,3.0,2.0,3.0,2.0,1.0,0.0,1.0,1.0,4.0,4
11,12,Bologna,6.0,4.0,2.0,0.0,2.0,5.0,9.0,6.0,2.0,2.0,0.0,0.0,3.0,1.0,0.0,2.0,0.0,0.0,2.0,2.0,8.0,4
12,13,Fiorentina,6.0,4.0,2.0,0.0,2.0,3.0,3.0,6.0,2.0,2.0,0.0,0.0,2.0,0.0,0.0,2.0,0.0,0.0,2.0,1.0,3.0,4
13,14,Pescara,4.0,4.0,1.0,1.0,2.0,6.0,7.0,1.0,2.0,0.0,1.0,1.0,3.0,4.0,3.0,2.0,1.0,0.0,1.0,3.0,3.0,4
14,15,Empoli,4.0,4.0,1.0,1.0,2.0,2.0,4.0,3.0,2.0,1.0,0.0,1.0,2.0,2.0,1.0,2.0,0.0,1.0,1.0,0.0,2.0,4
15,16,Cagliari,4.0,4.0,1.0,1.0,2.0,7.0,7.0,4.0,2.0,1.0,1.0,0.0,5.0,2.0,0.0,2.0,0.0,0.0,2.0,2.0,5.0,4
16,17,Torino,4.0,4.0,1.0,1.0,2.0,8.0,6.0,4.0,2.0,1.0,1.0,0.0,5.0,1.0,0.0,2.0,0.0,0.0,2.0,3.0,5.0,4
17,18,Atalanta,3.0,4.0,1.0,0.0,3.0,6.0,10.0,3.0,2.0,1.0,0.0,1.0,5.0,5.0,0.0,2.0,0.0,0.0,2.0,1.0,5.0,4
18,19,Palermo,2.0,4.0,0.0,2.0,2.0,2.0,6.0,0.0,2.0,0.0,0.0,2.0,0.0,4.0,2.0,2.0,0.0,2.0,0.0,2.0,2.0,4
19,20,Crotone,1.0,4.0,0.0,1.0,3.0,3.0,7.0,1.0,2.0,0.0,1.0,1.0,2.0,4.0,0.0,2.0,0.0,0.0,2.0,1.0,3.0,4
0,1,Juventus,12.0,5.0,4.0,0.0,1.0,11.0,4.0,9.0,3.0,3.0,0.0,0.0,9.0,2.0,3.0,2.0,1.0,0.0,1.0,2.0,2.0,5
1,2,Napoli,11.0,5.0,3.0,2.0,0.0,12.0,5.0,6.0,2.0,2.0,0.0,0.0,7.0,3.0,5.0,3.0,1.0,2.0,0.0,5.0,2.0,5
2,3,Roma,10.0,5.0,3.0,1.0,1.0,13.0,5.0,9.0,3.0,3.0,0.0,0.0,11.0,2.0,1.0,2.0,0.0,1.0,1.0,2.0,3.0,5
3,4,Chievo Verona,10.0,5.0,3.0,1.0,1.0,7.0,4.0,7.0,3.0,2.0,1.0,0.0,5.0,2.0,3.0,2.0,1.0,0.0,1.0,2.0,2.0,5
4,5,Genoa,10.0,5.0,3.0,1.0,1.0,7.0,4.0,7.0,3.0,2.0,1.0,0.0,4.0,1.0,3.0,2.0,1.0,0.0,1.0,3.0,3.0,5
5,6,Inter,10.0,5.0,3.0,1.0,1.0,7.0,5.0,4.0,2.0,1.0,1.0,0.0,3.0,2.0,6.0,3.0,2.0,0.0,1.0,4.0,3.0,5
6,7,Milan,9.0,5.0,3.0,0.0,2.0,8.0,7.0,6.0,3.0,2.0,0.0,1.0,5.0,3.0,3.0,2.0,1.0,0.0,1.0,3.0,4.0,5
7,8,Bologna,9.0,5.0,3.0,0.0,2.0,7.0,9.0,9.0,3.0,3.0,0.0,0.0,5.0,1.0,0.0,2.0,0.0,0.0,2.0,2.0,8.0,5
8,9,Lazio,7.0,5.0,2.0,1.0,2.0,8.0,7.0,3.0,2.0,1.0,0.0,1.0,3.0,1.0,4.0,3.0,1.0,1.0,1.0,5.0,6.0,5
9,10,Udinese,7.0,5.0,2.0,1.0,2.0,6.0,8.0,4.0,3.0,1.0,1.0,1.0,5.0,4.0,3.0,2.0,1.0,0.0,1.0,1.0,4.0,5
10,11,Fiorentina,7.0,5.0,2.0,1.0,2.0,5.0,5.0,6.0,2.0,2.0,0.0,0.0,2.0,0.0,1.0,3.0,0.0,1.0,2.0,3.0,5.0,5
11,12,Sampdoria,6.0,5.0,2.0,0.0,3.0,5.0,7.0,3.0,2.0,1.0,0.0,1.0,2.0,2.0,3.0,3.0,1.0,0.0,2.0,3.0,5.0,5
12,13,Sassuolo,6.0,5.0,2.0,0.0,3.0,5.0,8.0,3.0,2.0,1.0,0.0,1.0,2.0,3.0,3.0,3.0,1.0,0.0,2.0,3.0,5.0,5
13,14,Palermo,5.0,5.0,1.0,2.0,2.0,3.0,6.0,0.0,2.0,0.0,0.0,2.0,0.0,4.0,5.0,3.0,1.0,2.0,0.0,3.0,2.0,5
14,15,Pescara,5.0,5.0,1.0,2.0,2.0,6.0,7.0,2.0,3.0,0.0,2.0,1.0,3.0,4.0,3.0,2.0,1.0,0.0,1.0,3.0,3.0,5
15,16,Torino,5.0,5.0,1.0,2.0,2.0,8.0,6.0,4.0,2.0,1.0,1.0,0.0,5.0,1.0,1.0,3.0,0.0,1.0,2.0,3.0,5.0,5
16,17,Empoli,4.0,5.0,1.0,1.0,3.0,2.0,6.0,3.0,3.0,1.0,0.0,2.0,2.0,4.0,1.0,2.0,0.0,1.0,1.0,0.0,2.0,5
17,18,Cagliari,4.0,5.0,1.0,1.0,3.0,7.0,11.0,4.0,2.0,1.0,1.0,0.0,5.0,2.0,0.0,3.0,0.0,0.0,3.0,2.0,9.0,5
18,19,Atalanta,3.0,5.0,1.0,0.0,4.0,6.0,11.0,3.0,3.0,1.0,0.0,2.0,5.0,6.0,0.0,2.0,0.0,0.0,2.0,1.0,5.0,5
19,20,Crotone,1.0,5.0,0.0,1.0,4.0,3.0,11.0,1.0,2.0,0.0,1.0,1.0,2.0,4.0,0.0,3.0,0.0,0.0,3.0,1.0,7.0,5
0,1,Juventus,15.0,6.0,5.0,0.0,1.0,12.0,4.0,9.0,3.0,3.0,0.0,0.0,9.0,2.0,6.0,3.0,2.0,0.0,1.0,3.0,2.0,6
1,2,Napoli,14.0,6.0,4.0,2.0,0.0,14.0,5.0,9.0,3.0,3.0,0.0,0.0,9.0,3.0,5.0,3.0,1.0,2.0,0.0,5.0,2.0,6
2,3,Genoa,11.0,6.0,3.0,2.0,1.0,8.0,5.0,8.0,4.0,2.0,2.0,0.0,5.0,2.0,3.0,2.0,1.0,0.0,1.0,3.0,3.0,6
3,4,Inter,11.0,6.0,3.0,2.0,1.0,8.0,6.0,5.0,3.0,1.0,2.0,0.0,4.0,3.0,6.0,3.0,2.0,0.0,1.0,4.0,3.0,6
4,5,Lazio,10.0,6.0,3.0,1.0,2.0,10.0,7.0,6.0,3.0,2.0,0.0,1.0,5.0,1.0,4.0,3.0,1.0,1.0,1.0,5.0,6.0,6
5,6,Chievo Verona,10.0,6.0,3.0,1.0,2.0,7.0,6.0,7.0,3.0,2.0,1.0,0.0,5.0,2.0,3.0,3.0,1.0,0.0,2.0,2.0,4.0,6
6,7,Roma,10.0,6.0,3.0,1.0,2.0,14.0,8.0,9.0,3.0,3.0,0.0,0.0,11.0,2.0,1.0,3.0,0.0,1.0,2.0,3.0,6.0,6
7,8,Bologna,10.0,6.0,3.0,1.0,2.0,8.0,10.0,9.0,3.0,3.0,0.0,0.0,5.0,1.0,1.0,3.0,0.0,1.0,2.0,3.0,9.0,6
8,9,Milan,10.0,6.0,3.0,1.0,2.0,8.0,7.0,6.0,3.0,2.0,0.0,1.0,5.0,3.0,4.0,3.0,1.0,1.0,1.0,3.0,4.0,6
9,10,Sassuolo,9.0,6.0,3.0,0.0,3.0,6.0,8.0,6.0,3.0,2.0,0.0,1.0,3.0,3.0,3.0,3.0,1.0,0.0,2.0,3.0,5.0,6
10,11,Torino,8.0,6.0,2.0,2.0,2.0,11.0,7.0,7.0,3.0,2.0,1.0,0.0,8.0,2.0,1.0,3.0,0.0,1.0,2.0,3.0,5.0,6
11,12,Fiorentina,8.0,6.0,2.0,2.0,2.0,5.0,5.0,7.0,3.0,2.0,1.0,0.0,2.0,0.0,1.0,3.0,0.0,1.0,2.0,3.0,5.0,6
12,13,Udinese,7.0,6.0,2.0,1.0,3.0,6.0,9.0,4.0,3.0,1.0,1.0,1.0,5.0,4.0,3.0,3.0,1.0,0.0,2.0,1.0,5.0,6
13,14,Cagliari,7.0,6.0,2.0,1.0,3.0,9.0,12.0,7.0,3.0,2.0,1.0,0.0,7.0,3.0,0.0,3.0,0.0,0.0,3.0,2.0,9.0,6
14,15,Pescara,6.0,6.0,1.0,3.0,2.0,7.0,8.0,2.0,3.0,0.0,2.0,1.0,3.0,4.0,4.0,3.0,1.0,1.0,1.0,4.0,4.0,6
15,16,Sampdoria,6.0,6.0,2.0,0.0,4.0,6.0,9.0,3.0,2.0,1.0,0.0,1.0,2.0,2.0,3.0,4.0,1.0,0.0,3.0,4.0,7.0,6
16,17,Atalanta,6.0,6.0,2.0,0.0,4.0,9.0,12.0,3.0,3.0,1.0,0.0,2.0,5.0,6.0,3.0,3.0,1.0,0.0,2.0,4.0,6.0,6
17,18,Palermo,5.0,6.0,1.0,2.0,3.0,3.0,7.0,0.0,3.0,0.0,0.0,3.0,0.0,5.0,5.0,3.0,1.0,2.0,0.0,3.0,2.0,6
18,19,Empoli,4.0,6.0,1.0,1.0,4.0,2.0,8.0,3.0,3.0,1.0,0.0,2.0,2.0,4.0,1.0,3.0,0.0,1.0,2.0,0.0,4.0,6
19,20,Crotone,1.0,6.0,0.0,1.0,5.0,4.0,14.0,1.0,3.0,0.0,1.0,2.0,3.0,7.0,0.0,3.0,0.0,0.0,3.0,1.0,7.0,6
0,1,Juventus,18.0,7.0,6.0,0.0,1.0,15.0,4.0,9.0,3.0,3.0,0.0,0.0,9.0,2.0,9.0,4.0,3.0,0.0,1.0,6.0,2.0,7
1,2,Napoli,14.0,7.0,4.0,2.0,1.0,14.0,6.0,9.0,3.0,3.0,0.0,0.0,9.0,3.0,5.0,4.0,1.0,2.0,1.0,5.0,3.0,7
2,3,Genoa,14.0,7.0,4.0,2.0,1.0,9.0,5.0,8.0,4.0,2.0,2.0,0.0,5.0,2.0,6.0,3.0,2.0,0.0,1.0,4.0,3.0,7
3,4,Lazio,13.0,7.0,4.0,1.0,2.0,13.0,7.0,6.0,3.0,2.0,0.0,1.0,5.0,1.0,7.0,4.0,2.0,1.0,1.0,8.0,6.0,7
4,5,Chievo Verona,13.0,7.0,4.0,1.0,2.0,9.0,6.0,7.0,3.0,2.0,1.0,0.0,5.0,2.0,6.0,4.0,2.0,0.0,2.0,4.0,4.0,7
5,6,Roma,13.0,7.0,4.0,1.0,2.0,16.0,9.0,12.0,4.0,4.0,0.0,0.0,13.0,3.0,1.0,3.0,0.0,1.0,2.0,3.0,6.0,7
6,7,Milan,13.0,7.0,4.0,1.0,2.0,12.0,10.0,9.0,4.0,3.0,0.0,1.0,9.0,6.0,4.0,3.0,1.0,1.0,1.0,3.0,4.0,7
7,8,Torino,11.0,7.0,3.0,2.0,2.0,13.0,8.0,10.0,4.0,3.0,1.0,0.0,10.0,3.0,1.0,3.0,0.0,1.0,2.0,3.0,5.0,7
8,9,Inter,11.0,7.0,3.0,2.0,2.0,9.0,8.0,5.0,3.0,1.0,2.0,0.0,4.0,3.0,6.0,4.0,2.0,0.0,2.0,5.0,5.0,7
9,10,Cagliari,10.0,7.0,3.0,1.0,3.0,11.0,13.0,10.0,4.0,3.0,1.0,0.0,9.0,4.0,0.0,3.0,0.0,0.0,3.0,2.0,9.0,7
10,11,Bologna,10.0,7.0,3.0,1.0,3.0,8.0,11.0,9.0,4.0,3.0,0.0,1.0,5.0,2.0,1.0,3.0,0.0,1.0,2.0,3.0,9.0,7
11,12,Sassuolo,9.0,7.0,3.0,0.0,4.0,9.0,12.0,6.0,3.0,2.0,0.0,1.0,3.0,3.0,3.0,4.0,1.0,0.0,3.0,6.0,9.0,7
12,13,Atalanta,9.0,7.0,3.0,0.0,4.0,10.0,12.0,6.0,4.0,2.0,0.0,2.0,6.0,6.0,3.0,3.0,1.0,0.0,2.0,4.0,6.0,7
13,14,Fiorentina,8.0,7.0,2.0,2.0,3.0,6.0,7.0,7.0,3.0,2.0,1.0,0.0,2.0,0.0,1.0,4.0,0.0,1.0,3.0,4.0,7.0,7
14,15,Sampdoria,7.0,7.0,2.0,1.0,4.0,7.0,10.0,4.0,3.0,1.0,1.0,1.0,3.0,3.0,3.0,4.0,1.0,0.0,3.0,4.0,7.0,7
15,16,Udinese,7.0,7.0,2.0,1.0,4.0,6.0,12.0,4.0,4.0,1.0,1.0,2.0,5.0,7.0,3.0,3.0,1.0,0.0,2.0,1.0,5.0,7
16,17,Palermo,6.0,7.0,1.0,3.0,3.0,4.0,8.0,0.0,3.0,0.0,0.0,3.0,0.0,5.0,6.0,4.0,1.0,3.0,0.0,4.0,3.0,7
17,18,Pescara,6.0,7.0,1.0,3.0,3.0,7.0,10.0,2.0,4.0,0.0,2.0,2.0,3.0,6.0,4.0,3.0,1.0,1.0,1.0,4.0,4.0,7
18,19,Empoli,4.0,7.0,1.0,1.0,5.0,2.0,11.0,3.0,4.0,1.0,0.0,3.0,2.0,7.0,1.0,3.0,0.0,1.0,2.0,0.0,4.0,7
19,20,Crotone,1.0,7.0,0.0,1.0,6.0,5.0,16.0,1.0,3.0,0.0,1.0,2.0,3.0,7.0,0.0,4.0,0.0,0.0,4.0,2.0,9.0,7
0,1,Juventus,21.0,8.0,7.0,0.0,1.0,17.0,5.0,12.0,4.0,4.0,0.0,0.0,11.0,3.0,9.0,4.0,3.0,0.0,1.0,6.0,2.0,8
1,2,Roma,16.0,8.0,5.0,1.0,2.0,19.0,10.0,12.0,4.0,4.0,0.0,0.0,13.0,3.0,4.0,4.0,1.0,1.0,2.0,6.0,7.0,8
2,3,Milan,16.0,8.0,5.0,1.0,2.0,15.0,11.0,9.0,4.0,3.0,0.0,1.0,9.0,6.0,7.0,4.0,2.0,1.0,1.0,6.0,5.0,8
3,4,Genoa,15.0,8.0,4.0,3.0,1.0,9.0,5.0,9.0,5.0,2.0,3.0,0.0,5.0,2.0,6.0,3.0,2.0,0.0,1.0,4.0,3.0,8
4,5,Lazio,14.0,8.0,4.0,2.0,2.0,14.0,8.0,7.0,4.0,2.0,1.0,1.0,6.0,2.0,7.0,4.0,2.0,1.0,1.0,8.0,6.0,8
5,6,Napoli,14.0,8.0,4.0,2.0,2.0,15.0,9.0,9.0,4.0,3.0,0.0,1.0,10.0,6.0,5.0,4.0,1.0,2.0,1.0,5.0,3.0,8
6,7,Torino,14.0,8.0,4.0,2.0,2.0,17.0,9.0,10.0,4.0,3.0,1.0,0.0,10.0,3.0,4.0,4.0,1.0,1.0,2.0,7.0,6.0,8
7,8,Cagliari,13.0,8.0,4.0,1.0,3.0,13.0,14.0,10.0,4.0,3.0,1.0,0.0,9.0,4.0,3.0,4.0,1.0,0.0,3.0,4.0,10.0,8
8,9,Chievo Verona,13.0,8.0,4.0,1.0,3.0,10.0,9.0,7.0,4.0,2.0,1.0,1.0,6.0,5.0,6.0,4.0,2.0,0.0,2.0,4.0,4.0,8
9,10,Sassuolo,12.0,8.0,4.0,0.0,4.0,11.0,13.0,9.0,4.0,3.0,0.0,1.0,5.0,4.0,3.0,4.0,1.0,0.0,3.0,6.0,9.0,8
10,11,Inter,11.0,8.0,3.0,2.0,3.0,10.0,10.0,5.0,4.0,1.0,2.0,1.0,5.0,5.0,6.0,4.0,2.0,0.0,2.0,5.0,5.0,8
11,12,Bologna,11.0,8.0,3.0,2.0,3.0,9.0,12.0,9.0,4.0,3.0,0.0,1.0,5.0,2.0,2.0,4.0,0.0,2.0,2.0,4.0,10.0,8
12,13,Atalanta,10.0,8.0,3.0,1.0,4.0,10.0,12.0,6.0,4.0,2.0,0.0,2.0,6.0,6.0,4.0,4.0,1.0,1.0,2.0,4.0,6.0,8
13,14,Fiorentina,9.0,8.0,2.0,3.0,3.0,6.0,7.0,8.0,4.0,2.0,2.0,0.0,2.0,0.0,1.0,4.0,0.0,1.0,3.0,4.0,7.0,8
14,15,Sampdoria,8.0,8.0,2.0,2.0,4.0,8.0,11.0,4.0,3.0,1.0,1.0,1.0,3.0,3.0,4.0,5.0,1.0,1.0,3.0,5.0,8.0,8
15,16,Pescara,7.0,8.0,1.0,4.0,3.0,8.0,11.0,3.0,5.0,0.0,3.0,2.0,4.0,7.0,4.0,3.0,1.0,1.0,1.0,4.0,4.0,8
16,17,Udinese,7.0,8.0,2.0,1.0,5.0,7.0,14.0,4.0,4.0,1.0,1.0,2.0,5.0,7.0,3.0,4.0,1.0,0.0,3.0,2.0,7.0,8
17,18,Palermo,6.0,8.0,1.0,3.0,4.0,5.0,12.0,0.0,4.0,0.0,0.0,4.0,1.0,9.0,6.0,4.0,1.0,3.0,0.0,4.0,3.0,8
18,19,Empoli,5.0,8.0,1.0,2.0,5.0,2.0,11.0,3.0,4.0,1.0,0.0,3.0,2.0,7.0,2.0,4.0,0.0,2.0,2.0,0.0,4.0,8
19,20,Crotone,1.0,8.0,0.0,1.0,7.0,6.0,18.0,1.0,3.0,0.0,1.0,2.0,3.0,7.0,0.0,5.0,0.0,0.0,5.0,3.0,11.0,8
0,1,Juventus,21.0,9.0,7.0,0.0,2.0,17.0,6.0,12.0,4.0,4.0,0.0,0.0,11.0,3.0,9.0,5.0,3.0,0.0,2.0,6.0,3.0,9
1,2,Roma,19.0,9.0,6.0,1.0,2.0,23.0,11.0,15.0,5.0,5.0,0.0,0.0,17.0,4.0,4.0,4.0,1.0,1.0,2.0,6.0,7.0,9
2,3,Milan,19.0,9.0,6.0,1.0,2.0,16.0,11.0,12.0,5.0,4.0,0.0,1.0,10.0,6.0,7.0,4.0,2.0,1.0,1.0,6.0,5.0,9
3,4,Napoli,17.0,9.0,5.0,2.0,2.0,17.0,10.0,9.0,4.0,3.0,0.0,1.0,10.0,6.0,8.0,5.0,2.0,2.0,1.0,7.0,4.0,9
4,5,Lazio,15.0,9.0,4.0,3.0,2.0,16.0,10.0,7.0,4.0,2.0,1.0,1.0,6.0,2.0,8.0,5.0,2.0,2.0,1.0,10.0,8.0,9
5,6,Torino,15.0,9.0,4.0,3.0,2.0,19.0,11.0,11.0,5.0,3.0,2.0,0.0,12.0,5.0,4.0,4.0,1.0,1.0,2.0,7.0,6.0,9
6,7,Genoa,15.0,9.0,4.0,3.0,2.0,10.0,7.0,9.0,5.0,2.0,3.0,0.0,5.0,2.0,6.0,4.0,2.0,0.0,2.0,5.0,5.0,9
7,8,Chievo Verona,14.0,9.0,4.0,2.0,3.0,10.0,9.0,7.0,4.0,2.0,1.0,1.0,6.0,5.0,7.0,5.0,2.0,1.0,2.0,4.0,4.0,9
8,9,Sassuolo,13.0,9.0,4.0,1.0,4.0,12.0,14.0,9.0,4.0,3.0,0.0,1.0,5.0,4.0,4.0,5.0,1.0,1.0,3.0,7.0,10.0,9
9,10,Atalanta,13.0,9.0,4.0,1.0,4.0,12.0,13.0,9.0,5.0,3.0,0.0,2.0,8.0,7.0,4.0,4.0,1.0,1.0,2.0,4.0,6.0,9
10,11,Cagliari,13.0,9.0,4.0,1.0,4.0,16.0,19.0,10.0,5.0,3.0,1.0,1.0,12.0,9.0,3.0,4.0,1.0,0.0,3.0,4.0,10.0,9
11,12,Bologna,12.0,9.0,3.0,3.0,3.0,10.0,13.0,10.0,5.0,3.0,1.0,1.0,6.0,3.0,2.0,4.0,0.0,2.0,2.0,4.0,10.0,9
12,13,Fiorentina,12.0,9.0,3.0,3.0,3.0,11.0,10.0,8.0,4.0,2.0,2.0,0.0,2.0,0.0,4.0,5.0,1.0,1.0,3.0,9.0,10.0,9
13,14,Inter,11.0,9.0,3.0,2.0,4.0,11.0,12.0,5.0,4.0,1.0,2.0,1.0,5.0,5.0,6.0,5.0,2.0,0.0,3.0,6.0,7.0,9
14,15,Sampdoria,11.0,9.0,3.0,2.0,4.0,10.0,12.0,7.0,4.0,2.0,1.0,1.0,5.0,4.0,4.0,5.0,1.0,1.0,3.0,5.0,8.0,9
15,16,Udinese,10.0,9.0,3.0,1.0,5.0,10.0,15.0,7.0,5.0,2.0,1.0,2.0,8.0,8.0,3.0,4.0,1.0,0.0,3.0,2.0,7.0,9
16,17,Pescara,7.0,9.0,1.0,4.0,4.0,9.0,14.0,3.0,5.0,0.0,3.0,2.0,4.0,7.0,4.0,4.0,1.0,1.0,2.0,5.0,7.0,9
17,18,Palermo,6.0,9.0,1.0,3.0,5.0,6.0,16.0,0.0,4.0,0.0,0.0,4.0,1.0,9.0,6.0,5.0,1.0,3.0,1.0,5.0,7.0,9
18,19,Empoli,6.0,9.0,1.0,3.0,5.0,2.0,11.0,4.0,5.0,1.0,1.0,3.0,2.0,7.0,2.0,4.0,0.0,2.0,2.0,0.0,4.0,9
19,20,Crotone,1.0,9.0,0.0,1.0,8.0,7.0,20.0,1.0,4.0,0.0,1.0,3.0,4.0,9.0,0.0,5.0,0.0,0.0,5.0,3.0,11.0,9
0,1,Juventus,24.0,10.0,8.0,0.0,2.0,21.0,7.0,15.0,5.0,5.0,0.0,0.0,15.0,4.0,9.0,5.0,3.0,0.0,2.0,6.0,3.0,10
1,2,Roma,22.0,10.0,7.0,1.0,2.0,26.0,12.0,15.0,5.0,5.0,0.0,0.0,17.0,4.0,7.0,5.0,2.0,1.0,2.0,9.0,8.0,10
2,3,Napoli,20.0,10.0,6.0,2.0,2.0,19.0,10.0,12.0,5.0,4.0,0.0,1.0,12.0,6.0,8.0,5.0,2.0,2.0,1.0,7.0,4.0,10
3,4,Milan,19.0,10.0,6.0,1.0,3.0,16.0,14.0,12.0,5.0,4.0,0.0,1.0,10.0,6.0,7.0,5.0,2.0,1.0,2.0,6.0,8.0,10
4,5,Lazio,18.0,10.0,5.0,3.0,2.0,20.0,11.0,10.0,5.0,3.0,1.0,1.0,10.0,3.0,8.0,5.0,2.0,2.0,1.0,10.0,8.0,10
5,6,Genoa,18.0,10.0,5.0,3.0,2.0,13.0,7.0,12.0,6.0,3.0,3.0,0.0,8.0,2.0,6.0,4.0,2.0,0.0,2.0,5.0,5.0,10
6,7,Atalanta,16.0,10.0,5.0,1.0,4.0,13.0,13.0,9.0,5.0,3.0,0.0,2.0,8.0,7.0,7.0,5.0,2.0,1.0,2.0,5.0,6.0,10
7,8,Chievo Verona,15.0,10.0,4.0,3.0,3.0,11.0,10.0,8.0,5.0,2.0,2.0,1.0,7.0,6.0,7.0,5.0,2.0,1.0,2.0,4.0,4.0,10
8,9,Torino,15.0,10.0,4.0,3.0,3.0,20.0,13.0,11.0,5.0,3.0,2.0,0.0,12.0,5.0,4.0,5.0,1.0,1.0,3.0,8.0,8.0,10
9,10,Inter,14.0,10.0,4.0,2.0,4.0,13.0,13.0,8.0,5.0,2.0,2.0,1.0,7.0,6.0,6.0,5.0,2.0,0.0,3.0,6.0,7.0,10
10,11,Fiorentina,13.0,10.0,3.0,4.0,3.0,12.0,11.0,9.0,5.0,2.0,3.0,0.0,3.0,1.0,4.0,5.0,1.0,1.0,3.0,9.0,10.0,10
11,12,Bologna,13.0,10.0,3.0,4.0,3.0,11.0,14.0,10.0,5.0,3.0,1.0,1.0,6.0,3.0,3.0,5.0,0.0,3.0,2.0,5.0,11.0,10
12,13,Cagliari,13.0,10.0,4.0,1.0,5.0,17.0,23.0,10.0,5.0,3.0,1.0,1.0,12.0,9.0,3.0,5.0,1.0,0.0,4.0,5.0,14.0,10
13,14,Sassuolo,13.0,10.0,4.0,1.0,5.0,13.0,17.0,9.0,5.0,3.0,0.0,2.0,6.0,7.0,4.0,5.0,1.0,1.0,3.0,7.0,10.0,10
14,15,Udinese,13.0,10.0,4.0,1.0,5.0,13.0,16.0,7.0,5.0,2.0,1.0,2.0,8.0,8.0,6.0,5.0,2.0,0.0,3.0,5.0,8.0,10
15,16,Sampdoria,11.0,10.0,3.0,2.0,5.0,11.0,16.0,7.0,4.0,2.0,1.0,1.0,5.0,4.0,4.0,6.0,1.0,1.0,4.0,6.0,12.0,10
16,17,Pescara,7.0,10.0,1.0,4.0,5.0,9.0,15.0,3.0,6.0,0.0,3.0,3.0,4.0,8.0,4.0,4.0,1.0,1.0,2.0,5.0,7.0,10
17,18,Empoli,6.0,10.0,1.0,3.0,6.0,2.0,13.0,4.0,5.0,1.0,1.0,3.0,2.0,7.0,2.0,5.0,0.0,2.0,3.0,0.0,6.0,10
18,19,Palermo,6.0,10.0,1.0,3.0,6.0,7.0,19.0,0.0,5.0,0.0,0.0,5.0,2.0,12.0,6.0,5.0,1.0,3.0,1.0,5.0,7.0,10
19,20,Crotone,2.0,10.0,0.0,2.0,8.0,8.0,21.0,1.0,4.0,0.0,1.0,3.0,4.0,9.0,1.0,6.0,0.0,1.0,5.0,4.0,12.0,10
0,1,Juventus,27.0,11.0,9.0,0.0,2.0,23.0,8.0,18.0,6.0,6.0,0.0,0.0,17.0,5.0,9.0,5.0,3.0,0.0,2.0,6.0,3.0,11
1,2,Roma,23.0,11.0,7.0,2.0,2.0,26.0,12.0,15.0,5.0,5.0,0.0,0.0,17.0,4.0,8.0,6.0,2.0,2.0,2.0,9.0,8.0,11
2,3,Milan,22.0,11.0,7.0,1.0,3.0,17.0,14.0,15.0,6.0,5.0,0.0,1.0,11.0,6.0,7.0,5.0,2.0,1.0,2.0,6.0,8.0,11
3,4,Lazio,21.0,11.0,6.0,3.0,2.0,22.0,12.0,13.0,6.0,4.0,1.0,1.0,12.0,4.0,8.0,5.0,2.0,2.0,1.0,10.0,8.0,11
4,5,Napoli,20.0,11.0,6.0,2.0,3.0,20.0,12.0,12.0,5.0,4.0,0.0,1.0,12.0,6.0,8.0,6.0,2.0,2.0,2.0,8.0,6.0,11
5,6,Atalanta,19.0,11.0,6.0,1.0,4.0,16.0,13.0,12.0,6.0,4.0,0.0,2.0,11.0,7.0,7.0,5.0,2.0,1.0,2.0,5.0,6.0,11
6,7,Genoa,18.0,11.0,5.0,3.0,3.0,13.0,10.0,12.0,6.0,3.0,3.0,0.0,8.0,2.0,6.0,5.0,2.0,0.0,3.0,5.0,8.0,11
7,8,Fiorentina,16.0,11.0,4.0,4.0,3.0,13.0,11.0,9.0,5.0,2.0,3.0,0.0,3.0,1.0,7.0,6.0,2.0,1.0,3.0,10.0,10.0,11
8,9,Cagliari,16.0,11.0,5.0,1.0,5.0,19.0,24.0,13.0,6.0,4.0,1.0,1.0,14.0,10.0,3.0,5.0,1.0,0.0,4.0,5.0,14.0,11
9,10,Torino,16.0,11.0,4.0,4.0,3.0,22.0,15.0,11.0,5.0,3.0,2.0,0.0,12.0,5.0,5.0,6.0,1.0,2.0,3.0,10.0,10.0,11
10,11,Chievo Verona,15.0,11.0,4.0,3.0,4.0,11.0,12.0,8.0,5.0,2.0,2.0,1.0,7.0,6.0,7.0,6.0,2.0,1.0,3.0,4.0,6.0,11
11,12,Inter,14.0,11.0,4.0,2.0,5.0,13.0,14.0,8.0,5.0,2.0,2.0,1.0,7.0,6.0,6.0,6.0,2.0,0.0,4.0,6.0,8.0,11
12,13,Sampdoria,14.0,11.0,4.0,2.0,5.0,12.0,16.0,10.0,5.0,3.0,1.0,1.0,6.0,4.0,4.0,6.0,1.0,1.0,4.0,6.0,12.0,11
13,14,Udinese,14.0,11.0,4.0,2.0,5.0,15.0,18.0,8.0,6.0,2.0,2.0,2.0,10.0,10.0,6.0,5.0,2.0,0.0,3.0,5.0,8.0,11
14,15,Bologna,13.0,11.0,3.0,4.0,4.0,11.0,15.0,10.0,6.0,3.0,1.0,2.0,6.0,4.0,3.0,5.0,0.0,3.0,2.0,5.0,11.0,11
15,16,Sassuolo,13.0,11.0,4.0,1.0,6.0,14.0,19.0,9.0,5.0,3.0,0.0,2.0,6.0,7.0,4.0,6.0,1.0,1.0,4.0,8.0,12.0,11
16,17,Empoli,7.0,11.0,1.0,4.0,6.0,2.0,13.0,5.0,6.0,1.0,2.0,3.0,2.0,7.0,2.0,5.0,0.0,2.0,3.0,0.0,6.0,11
17,18,Pescara,7.0,11.0,1.0,4.0,6.0,9.0,16.0,3.0,6.0,0.0,3.0,3.0,4.0,8.0,4.0,5.0,1.0,1.0,3.0,5.0,8.0,11
18,19,Palermo,6.0,11.0,1.0,3.0,7.0,8.0,21.0,0.0,5.0,0.0,0.0,5.0,2.0,12.0,6.0,6.0,1.0,3.0,2.0,6.0,9.0,11
19,20,Crotone,5.0,11.0,1.0,2.0,8.0,10.0,21.0,4.0,5.0,1.0,1.0,3.0,6.0,9.0,1.0,6.0,0.0,1.0,5.0,4.0,12.0,11
0,1,Juventus,30.0,12.0,10.0,0.0,2.0,25.0,9.0,18.0,6.0,6.0,0.0,0.0,17.0,5.0,12.0,6.0,4.0,0.0,2.0,8.0,4.0,12
1,2,Roma,26.0,12.0,8.0,2.0,2.0,29.0,12.0,18.0,6.0,6.0,0.0,0.0,20.0,4.0,8.0,6.0,2.0,2.0,2.0,9.0,8.0,12
2,3,Milan,25.0,12.0,8.0,1.0,3.0,19.0,15.0,15.0,6.0,5.0,0.0,1.0,11.0,6.0,10.0,6.0,3.0,1.0,2.0,8.0,9.0,12
3,4,Atalanta,22.0,12.0,7.0,1.0,4.0,19.0,13.0,12.0,6.0,4.0,0.0,2.0,11.0,7.0,10.0,6.0,3.0,1.0,2.0,8.0,6.0,12
4,5,Lazio,22.0,12.0,6.0,4.0,2.0,23.0,13.0,13.0,6.0,4.0,1.0,1.0,12.0,4.0,9.0,6.0,2.0,3.0,1.0,11.0,9.0,12
5,6,Napoli,21.0,12.0,6.0,3.0,3.0,21.0,13.0,13.0,6.0,4.0,1.0,1.0,13.0,7.0,8.0,6.0,2.0,2.0,2.0,8.0,6.0,12
6,7,Genoa,19.0,12.0,5.0,4.0,3.0,14.0,11.0,13.0,7.0,3.0,4.0,0.0,9.0,3.0,6.0,5.0,2.0,0.0,3.0,5.0,8.0,12
7,8,Torino,19.0,12.0,5.0,4.0,3.0,27.0,16.0,14.0,6.0,4.0,2.0,0.0,17.0,6.0,5.0,6.0,1.0,2.0,3.0,10.0,10.0,12
8,9,Fiorentina,17.0,12.0,4.0,5.0,3.0,14.0,12.0,10.0,6.0,2.0,4.0,0.0,4.0,2.0,7.0,6.0,2.0,1.0,3.0,10.0,10.0,12
9,10,Inter,17.0,12.0,5.0,2.0,5.0,16.0,14.0,11.0,6.0,3.0,2.0,1.0,10.0,6.0,6.0,6.0,2.0,0.0,4.0,6.0,8.0,12
10,11,Cagliari,16.0,12.0,5.0,1.0,6.0,20.0,29.0,13.0,6.0,4.0,1.0,1.0,14.0,10.0,3.0,6.0,1.0,0.0,5.0,6.0,19.0,12
11,12,Chievo Verona,15.0,12.0,4.0,3.0,5.0,12.0,14.0,8.0,6.0,2.0,2.0,2.0,8.0,8.0,7.0,6.0,2.0,1.0,3.0,4.0,6.0,12
12,13,Sampdoria,15.0,12.0,4.0,3.0,5.0,13.0,17.0,10.0,5.0,3.0,1.0,1.0,6.0,4.0,5.0,7.0,1.0,2.0,4.0,7.0,13.0,12
13,14,Udinese,15.0,12.0,4.0,3.0,5.0,16.0,19.0,8.0,6.0,2.0,2.0,2.0,10.0,10.0,7.0,6.0,2.0,1.0,3.0,6.0,9.0,12
14,15,Bologna,13.0,12.0,3.0,4.0,5.0,11.0,18.0,10.0,6.0,3.0,1.0,2.0,6.0,4.0,3.0,6.0,0.0,3.0,3.0,5.0,14.0,12
15,16,Sassuolo,13.0,12.0,4.0,1.0,7.0,14.0,22.0,9.0,6.0,3.0,0.0,3.0,6.0,10.0,4.0,6.0,1.0,1.0,4.0,8.0,12.0,12
16,17,Empoli,10.0,12.0,2.0,4.0,6.0,6.0,13.0,5.0,6.0,1.0,2.0,3.0,2.0,7.0,5.0,6.0,1.0,2.0,3.0,4.0,6.0,12
17,18,Pescara,7.0,12.0,1.0,4.0,7.0,9.0,20.0,3.0,7.0,0.0,3.0,4.0,4.0,12.0,4.0,5.0,1.0,1.0,3.0,5.0,8.0,12
18,19,Palermo,6.0,12.0,1.0,3.0,8.0,9.0,23.0,0.0,6.0,0.0,0.0,6.0,3.0,14.0,6.0,6.0,1.0,3.0,2.0,6.0,9.0,12
19,20,Crotone,5.0,12.0,1.0,2.0,9.0,10.0,24.0,4.0,5.0,1.0,1.0,3.0,6.0,9.0,1.0,7.0,0.0,1.0,6.0,4.0,15.0,12
0,1,Juventus,33.0,13.0,11.0,0.0,2.0,28.0,9.0,21.0,7.0,7.0,0.0,0.0,20.0,5.0,12.0,6.0,4.0,0.0,2.0,8.0,4.0,13
1,2,Roma,26.0,13.0,8.0,2.0,3.0,30.0,14.0,18.0,6.0,6.0,0.0,0.0,20.0,4.0,8.0,7.0,2.0,2.0,3.0,10.0,10.0,13
2,3,Milan,26.0,13.0,8.0,2.0,3.0,21.0,17.0,16.0,7.0,5.0,1.0,1.0,13.0,8.0,10.0,6.0,3.0,1.0,2.0,8.0,9.0,13
3,4,Atalanta,25.0,13.0,8.0,1.0,4.0,21.0,14.0,15.0,7.0,5.0,0.0,2.0,13.0,8.0,10.0,6.0,3.0,1.0,2.0,8.0,6.0,13
4,5,Lazio,25.0,13.0,7.0,4.0,2.0,26.0,14.0,16.0,7.0,5.0,1.0,1.0,15.0,5.0,9.0,6.0,2.0,3.0,1.0,11.0,9.0,13
5,6,Napoli,24.0,13.0,7.0,3.0,3.0,23.0,14.0,13.0,6.0,4.0,1.0,1.0,13.0,7.0,11.0,7.0,3.0,2.0,2.0,10.0,7.0,13
6,7,Torino,22.0,13.0,6.0,4.0,3.0,29.0,16.0,14.0,6.0,4.0,2.0,0.0,17.0,6.0,8.0,7.0,2.0,2.0,3.0,12.0,10.0,13
7,8,Fiorentina,20.0,13.0,5.0,5.0,3.0,18.0,12.0,10.0,6.0,2.0,4.0,0.0,4.0,2.0,10.0,7.0,3.0,1.0,3.0,14.0,10.0,13
8,9,Genoa,19.0,13.0,5.0,4.0,4.0,15.0,14.0,13.0,7.0,3.0,4.0,0.0,9.0,3.0,6.0,6.0,2.0,0.0,4.0,6.0,11.0,13
9,10,Inter,18.0,13.0,5.0,3.0,5.0,18.0,16.0,11.0,6.0,3.0,2.0,1.0,10.0,6.0,7.0,7.0,2.0,1.0,4.0,8.0,10.0,13
10,11,Chievo Verona,18.0,13.0,5.0,3.0,5.0,13.0,14.0,11.0,7.0,3.0,2.0,2.0,9.0,8.0,7.0,6.0,2.0,1.0,3.0,4.0,6.0,13
11,12,Sampdoria,18.0,13.0,5.0,3.0,5.0,16.0,19.0,13.0,6.0,4.0,1.0,1.0,9.0,6.0,5.0,7.0,1.0,2.0,4.0,7.0,13.0,13
12,13,Bologna,16.0,13.0,4.0,4.0,5.0,14.0,19.0,13.0,7.0,4.0,1.0,2.0,9.0,5.0,3.0,6.0,0.0,3.0,3.0,5.0,14.0,13
13,14,Cagliari,16.0,13.0,5.0,1.0,7.0,20.0,30.0,13.0,6.0,4.0,1.0,1.0,14.0,10.0,3.0,7.0,1.0,0.0,6.0,6.0,20.0,13
14,15,Udinese,15.0,13.0,4.0,3.0,6.0,17.0,21.0,8.0,7.0,2.0,2.0,3.0,11.0,12.0,7.0,6.0,2.0,1.0,3.0,6.0,9.0,13
15,16,Sassuolo,13.0,13.0,4.0,1.0,8.0,16.0,25.0,9.0,6.0,3.0,0.0,3.0,6.0,10.0,4.0,7.0,1.0,1.0,5.0,10.0,15.0,13
16,17,Empoli,10.0,13.0,2.0,4.0,7.0,6.0,17.0,5.0,7.0,1.0,2.0,4.0,2.0,11.0,5.0,6.0,1.0,2.0,3.0,4.0,6.0,13
17,18,Pescara,7.0,13.0,1.0,4.0,8.0,9.0,23.0,3.0,7.0,0.0,3.0,4.0,4.0,12.0,4.0,6.0,1.0,1.0,4.0,5.0,11.0,13
18,19,Palermo,6.0,13.0,1.0,3.0,9.0,10.0,26.0,0.0,6.0,0.0,0.0,6.0,3.0,14.0,6.0,7.0,1.0,3.0,3.0,7.0,12.0,13
19,20,Crotone,5.0,13.0,1.0,2.0,10.0,10.0,26.0,4.0,6.0,1.0,1.0,4.0,6.0,11.0,1.0,7.0,0.0,1.0,6.0,4.0,15.0,13
0,1,Juventus,33.0,14.0,11.0,0.0,3.0,29.0,12.0,21.0,7.0,7.0,0.0,0.0,20.0,5.0,12.0,7.0,4.0,0.0,3.0,9.0,7.0,14
1,2,Roma,29.0,14.0,9.0,2.0,3.0,33.0,16.0,21.0,7.0,7.0,0.0,0.0,23.0,6.0,8.0,7.0,2.0,2.0,3.0,10.0,10.0,14
2,3,Milan,29.0,14.0,9.0,2.0,3.0,25.0,18.0,16.0,7.0,5.0,1.0,1.0,13.0,8.0,13.0,7.0,4.0,1.0,2.0,12.0,10.0,14
3,4,Atalanta,28.0,14.0,9.0,1.0,4.0,23.0,14.0,15.0,7.0,5.0,0.0,2.0,13.0,8.0,13.0,7.0,4.0,1.0,2.0,10.0,6.0,14
4,5,Lazio,28.0,14.0,8.0,4.0,2.0,27.0,14.0,16.0,7.0,5.0,1.0,1.0,15.0,5.0,12.0,7.0,3.0,3.0,1.0,12.0,9.0,14
5,6,Napoli,25.0,14.0,7.0,4.0,3.0,24.0,15.0,14.0,7.0,4.0,2.0,1.0,14.0,8.0,11.0,7.0,3.0,2.0,2.0,10.0,7.0,14
6,7,Torino,25.0,14.0,7.0,4.0,3.0,31.0,17.0,17.0,7.0,5.0,2.0,0.0,19.0,7.0,8.0,7.0,2.0,2.0,3.0,12.0,10.0,14
7,8,Genoa,22.0,14.0,6.0,4.0,4.0,18.0,15.0,16.0,8.0,4.0,4.0,0.0,12.0,4.0,6.0,6.0,2.0,0.0,4.0,6.0,11.0,14
8,9,Inter,21.0,14.0,6.0,3.0,5.0,22.0,18.0,14.0,7.0,4.0,2.0,1.0,14.0,8.0,7.0,7.0,2.0,1.0,4.0,8.0,10.0,14
9,10,Fiorentina,20.0,14.0,5.0,5.0,4.0,20.0,16.0,10.0,6.0,2.0,4.0,0.0,4.0,2.0,10.0,8.0,3.0,1.0,4.0,16.0,14.0,14
10,11,Cagliari,19.0,14.0,6.0,1.0,7.0,22.0,31.0,16.0,7.0,5.0,1.0,1.0,16.0,11.0,3.0,7.0,1.0,0.0,6.0,6.0,20.0,14
11,12,Sampdoria,19.0,14.0,5.0,4.0,5.0,17.0,20.0,13.0,6.0,4.0,1.0,1.0,9.0,6.0,6.0,8.0,1.0,3.0,4.0,8.0,14.0,14
12,13,Chievo Verona,18.0,14.0,5.0,3.0,6.0,14.0,16.0,11.0,7.0,3.0,2.0,2.0,9.0,8.0,7.0,7.0,2.0,1.0,4.0,5.0,8.0,14
13,14,Bologna,16.0,14.0,4.0,4.0,6.0,14.0,21.0,13.0,8.0,4.0,1.0,3.0,9.0,7.0,3.0,6.0,0.0,3.0,3.0,5.0,14.0,14
14,15,Udinese,15.0,14.0,4.0,3.0,7.0,18.0,23.0,8.0,7.0,2.0,2.0,3.0,11.0,12.0,7.0,7.0,2.0,1.0,4.0,7.0,11.0,14
15,16,Sassuolo,14.0,14.0,4.0,2.0,8.0,17.0,26.0,9.0,6.0,3.0,0.0,3.0,6.0,10.0,5.0,8.0,1.0,2.0,5.0,11.0,16.0,14
16,17,Empoli,10.0,14.0,2.0,4.0,8.0,7.0,21.0,5.0,8.0,1.0,2.0,5.0,3.0,15.0,5.0,6.0,1.0,2.0,3.0,4.0,6.0,14
17,18,Pescara,7.0,14.0,1.0,4.0,9.0,11.0,26.0,3.0,7.0,0.0,3.0,4.0,4.0,12.0,4.0,7.0,1.0,1.0,5.0,7.0,14.0,14
18,19,Crotone,6.0,14.0,1.0,3.0,10.0,11.0,27.0,5.0,7.0,1.0,2.0,4.0,7.0,12.0,1.0,7.0,0.0,1.0,6.0,4.0,15.0,14
19,20,Palermo,6.0,14.0,1.0,3.0,10.0,10.0,27.0,0.0,7.0,0.0,0.0,7.0,3.0,15.0,6.0,7.0,1.0,3.0,3.0,7.0,12.0,14
0,1,Juventus,36.0,15.0,12.0,0.0,3.0,32.0,13.0,24.0,8.0,8.0,0.0,0.0,23.0,6.0,12.0,7.0,4.0,0.0,3.0,9.0,7.0,15
1,2,Roma,32.0,15.0,10.0,2.0,3.0,35.0,16.0,21.0,7.0,7.0,0.0,0.0,23.0,6.0,11.0,8.0,3.0,2.0,3.0,12.0,10.0,15
2,3,Milan,32.0,15.0,10.0,2.0,3.0,27.0,19.0,19.0,8.0,6.0,1.0,1.0,15.0,9.0,13.0,7.0,4.0,1.0,2.0,12.0,10.0,15
3,4,Atalanta,28.0,15.0,9.0,1.0,5.0,24.0,17.0,15.0,7.0,5.0,0.0,2.0,13.0,8.0,13.0,8.0,4.0,1.0,3.0,11.0,9.0,15
4,5,Napoli,28.0,15.0,8.0,4.0,3.0,27.0,15.0,17.0,8.0,5.0,2.0,1.0,17.0,8.0,11.0,7.0,3.0,2.0,2.0,10.0,7.0,15
5,6,Lazio,28.0,15.0,8.0,4.0,3.0,27.0,16.0,16.0,8.0,5.0,1.0,2.0,15.0,7.0,12.0,7.0,3.0,3.0,1.0,12.0,9.0,15
6,7,Torino,25.0,15.0,7.0,4.0,4.0,31.0,19.0,17.0,7.0,5.0,2.0,0.0,19.0,7.0,8.0,8.0,2.0,2.0,4.0,12.0,12.0,15
7,8,Fiorentina,23.0,15.0,6.0,5.0,4.0,22.0,17.0,13.0,7.0,3.0,4.0,0.0,6.0,3.0,10.0,8.0,3.0,1.0,4.0,16.0,14.0,15
8,9,Genoa,23.0,15.0,6.0,5.0,4.0,18.0,15.0,16.0,8.0,4.0,4.0,0.0,12.0,4.0,7.0,7.0,2.0,1.0,4.0,6.0,11.0,15
9,10,Sampdoria,22.0,15.0,6.0,4.0,5.0,19.0,20.0,16.0,7.0,5.0,1.0,1.0,11.0,6.0,6.0,8.0,1.0,3.0,4.0,8.0,14.0,15
10,11,Inter,21.0,15.0,6.0,3.0,6.0,22.0,21.0,14.0,7.0,4.0,2.0,1.0,14.0,8.0,7.0,8.0,2.0,1.0,5.0,8.0,13.0,15
11,12,Cagliari,20.0,15.0,6.0,2.0,7.0,23.0,32.0,16.0,7.0,5.0,1.0,1.0,16.0,11.0,4.0,8.0,1.0,1.0,6.0,7.0,21.0,15
12,13,Chievo Verona,19.0,15.0,5.0,4.0,6.0,14.0,16.0,12.0,8.0,3.0,3.0,2.0,9.0,8.0,7.0,7.0,2.0,1.0,4.0,5.0,8.0,15
13,14,Udinese,18.0,15.0,5.0,3.0,7.0,19.0,23.0,11.0,8.0,3.0,2.0,3.0,12.0,12.0,7.0,7.0,2.0,1.0,4.0,7.0,11.0,15
14,15,Sassuolo,17.0,15.0,5.0,2.0,8.0,20.0,26.0,12.0,7.0,4.0,0.0,3.0,9.0,10.0,5.0,8.0,1.0,2.0,5.0,11.0,16.0,15
15,16,Bologna,16.0,15.0,4.0,4.0,7.0,14.0,22.0,13.0,8.0,4.0,1.0,3.0,9.0,7.0,3.0,7.0,0.0,3.0,4.0,5.0,15.0,15
16,17,Empoli,10.0,15.0,2.0,4.0,9.0,7.0,24.0,5.0,8.0,1.0,2.0,5.0,3.0,15.0,5.0,7.0,1.0,2.0,4.0,4.0,9.0,15
17,18,Pescara,8.0,15.0,1.0,5.0,9.0,12.0,27.0,4.0,8.0,0.0,4.0,4.0,5.0,13.0,4.0,7.0,1.0,1.0,5.0,7.0,14.0,15
18,19,Crotone,6.0,15.0,1.0,3.0,11.0,12.0,29.0,5.0,7.0,1.0,2.0,4.0,7.0,12.0,1.0,8.0,0.0,1.0,7.0,5.0,17.0,15
19,20,Palermo,6.0,15.0,1.0,3.0,11.0,11.0,29.0,0.0,7.0,0.0,0.0,7.0,3.0,15.0,6.0,8.0,1.0,3.0,4.0,8.0,14.0,15
0,1,Juventus,39.0,16.0,13.0,0.0,3.0,35.0,14.0,24.0,8.0,8.0,0.0,0.0,23.0,6.0,15.0,8.0,5.0,0.0,3.0,12.0,8.0,16
1,2,Roma,35.0,16.0,11.0,2.0,3.0,36.0,16.0,24.0,8.0,8.0,0.0,0.0,24.0,6.0,11.0,8.0,3.0,2.0,3.0,12.0,10.0,16
2,3,Milan,32.0,16.0,10.0,2.0,4.0,27.0,20.0,19.0,8.0,6.0,1.0,1.0,15.0,9.0,13.0,8.0,4.0,1.0,3.0,12.0,11.0,16
3,4,Lazio,31.0,16.0,9.0,4.0,3.0,29.0,17.0,16.0,8.0,5.0,1.0,2.0,15.0,7.0,15.0,8.0,4.0,3.0,1.0,14.0,10.0,16
4,5,Napoli,31.0,16.0,9.0,4.0,3.0,32.0,15.0,17.0,8.0,5.0,2.0,1.0,17.0,8.0,14.0,8.0,4.0,2.0,2.0,15.0,7.0,16
5,6,Atalanta,28.0,16.0,9.0,1.0,6.0,25.0,20.0,15.0,8.0,5.0,0.0,3.0,14.0,11.0,13.0,8.0,4.0,1.0,3.0,11.0,9.0,16
6,7,Fiorentina,26.0,16.0,7.0,5.0,4.0,24.0,18.0,16.0,8.0,4.0,4.0,0.0,8.0,4.0,10.0,8.0,3.0,1.0,4.0,16.0,14.0,16
7,8,Torino,25.0,16.0,7.0,4.0,5.0,32.0,22.0,17.0,8.0,5.0,2.0,1.0,20.0,10.0,8.0,8.0,2.0,2.0,4.0,12.0,12.0,16
8,9,Inter,24.0,16.0,7.0,3.0,6.0,24.0,21.0,17.0,8.0,5.0,2.0,1.0,16.0,8.0,7.0,8.0,2.0,1.0,5.0,8.0,13.0,16
9,10,Genoa,23.0,16.0,6.0,5.0,5.0,18.0,17.0,16.0,8.0,4.0,4.0,0.0,12.0,4.0,7.0,8.0,2.0,1.0,5.0,6.0,13.0,16
10,11,Chievo Verona,22.0,16.0,6.0,4.0,6.0,16.0,16.0,12.0,8.0,3.0,3.0,2.0,9.0,8.0,10.0,8.0,3.0,1.0,4.0,7.0,8.0,16
11,12,Sampdoria,22.0,16.0,6.0,4.0,6.0,20.0,22.0,16.0,8.0,5.0,1.0,2.0,12.0,8.0,6.0,8.0,1.0,3.0,4.0,8.0,14.0,16
12,13,Udinese,21.0,16.0,6.0,3.0,7.0,22.0,24.0,11.0,8.0,3.0,2.0,3.0,12.0,12.0,10.0,8.0,3.0,1.0,4.0,10.0,12.0,16
13,14,Cagliari,20.0,16.0,6.0,2.0,8.0,23.0,37.0,16.0,8.0,5.0,1.0,2.0,16.0,16.0,4.0,8.0,1.0,1.0,6.0,7.0,21.0,16
14,15,Bologna,17.0,16.0,4.0,5.0,7.0,14.0,22.0,14.0,9.0,4.0,2.0,3.0,9.0,7.0,3.0,7.0,0.0,3.0,4.0,5.0,15.0,16
15,16,Sassuolo,17.0,16.0,5.0,2.0,9.0,21.0,28.0,12.0,7.0,4.0,0.0,3.0,9.0,10.0,5.0,9.0,1.0,2.0,6.0,12.0,18.0,16
16,17,Empoli,11.0,16.0,2.0,5.0,9.0,7.0,24.0,5.0,8.0,1.0,2.0,5.0,3.0,15.0,6.0,8.0,1.0,3.0,4.0,4.0,9.0,16
17,18,Crotone,9.0,16.0,2.0,3.0,11.0,14.0,30.0,8.0,8.0,2.0,2.0,4.0,9.0,13.0,1.0,8.0,0.0,1.0,7.0,5.0,17.0,16
18,19,Pescara,8.0,16.0,1.0,5.0,10.0,13.0,29.0,4.0,8.0,0.0,4.0,4.0,5.0,13.0,4.0,8.0,1.0,1.0,6.0,8.0,16.0,16
19,20,Palermo,6.0,16.0,1.0,3.0,12.0,11.0,31.0,0.0,8.0,0.0,0.0,8.0,3.0,17.0,6.0,8.0,1.0,3.0,4.0,8.0,14.0,16
0,1,Juventus,42.0,17.0,14.0,0.0,3.0,36.0,14.0,27.0,9.0,9.0,0.0,0.0,24.0,6.0,15.0,8.0,5.0,0.0,3.0,12.0,8.0,17
1,2,Roma,35.0,17.0,11.0,2.0,4.0,36.0,17.0,24.0,8.0,8.0,0.0,0.0,24.0,6.0,11.0,9.0,3.0,2.0,4.0,12.0,11.0,17
2,3,Lazio,34.0,17.0,10.0,4.0,3.0,32.0,18.0,19.0,9.0,6.0,1.0,2.0,18.0,8.0,15.0,8.0,4.0,3.0,1.0,14.0,10.0,17
3,4,Napoli,34.0,17.0,10.0,4.0,3.0,37.0,18.0,20.0,9.0,6.0,2.0,1.0,22.0,11.0,14.0,8.0,4.0,2.0,2.0,15.0,7.0,17
4,5,Milan,33.0,17.0,10.0,3.0,4.0,27.0,20.0,20.0,9.0,6.0,2.0,1.0,15.0,9.0,13.0,8.0,4.0,1.0,3.0,12.0,11.0,17
5,6,Atalanta,29.0,17.0,9.0,2.0,6.0,25.0,20.0,15.0,8.0,5.0,0.0,3.0,14.0,11.0,14.0,9.0,4.0,2.0,3.0,11.0,9.0,17
6,7,Inter,27.0,17.0,8.0,3.0,6.0,25.0,21.0,17.0,8.0,5.0,2.0,1.0,16.0,8.0,10.0,9.0,3.0,1.0,5.0,9.0,13.0,17
7,8,Fiorentina,26.0,17.0,7.0,5.0,5.0,25.0,21.0,16.0,8.0,4.0,4.0,0.0,8.0,4.0,10.0,9.0,3.0,1.0,5.0,17.0,17.0,17
8,9,Chievo Verona,25.0,17.0,7.0,4.0,6.0,18.0,17.0,15.0,9.0,4.0,3.0,2.0,11.0,9.0,10.0,8.0,3.0,1.0,4.0,7.0,8.0,17
9,10,Torino,25.0,17.0,7.0,4.0,6.0,35.0,27.0,17.0,8.0,5.0,2.0,1.0,20.0,10.0,8.0,9.0,2.0,2.0,5.0,15.0,17.0,17
10,11,Udinese,24.0,17.0,7.0,3.0,7.0,24.0,24.0,14.0,9.0,4.0,2.0,3.0,14.0,12.0,10.0,8.0,3.0,1.0,4.0,10.0,12.0,17
11,12,Genoa,23.0,17.0,6.0,5.0,6.0,21.0,21.0,16.0,9.0,4.0,4.0,1.0,15.0,8.0,7.0,8.0,2.0,1.0,5.0,6.0,13.0,17
12,13,Sampdoria,22.0,17.0,6.0,4.0,7.0,21.0,24.0,16.0,8.0,5.0,1.0,2.0,12.0,8.0,6.0,9.0,1.0,3.0,5.0,9.0,16.0,17
13,14,Bologna,20.0,17.0,5.0,5.0,7.0,17.0,22.0,14.0,9.0,4.0,2.0,3.0,9.0,7.0,6.0,8.0,1.0,3.0,4.0,8.0,15.0,17
14,15,Cagliari,20.0,17.0,6.0,2.0,9.0,23.0,39.0,16.0,8.0,5.0,1.0,2.0,16.0,16.0,4.0,9.0,1.0,1.0,7.0,7.0,23.0,17
15,16,Sassuolo,17.0,17.0,5.0,2.0,10.0,21.0,29.0,12.0,8.0,4.0,0.0,4.0,9.0,11.0,5.0,9.0,1.0,2.0,6.0,12.0,18.0,17
16,17,Empoli,14.0,17.0,3.0,5.0,9.0,9.0,24.0,8.0,9.0,2.0,2.0,5.0,5.0,15.0,6.0,8.0,1.0,3.0,4.0,4.0,9.0,17
17,18,Crotone,9.0,17.0,2.0,3.0,12.0,14.0,32.0,8.0,8.0,2.0,2.0,4.0,9.0,13.0,1.0,9.0,0.0,1.0,8.0,5.0,19.0,17
18,19,Palermo,9.0,17.0,2.0,3.0,12.0,15.0,34.0,0.0,8.0,0.0,0.0,8.0,3.0,17.0,9.0,9.0,2.0,3.0,4.0,12.0,17.0,17
19,20,Pescara,8.0,17.0,1.0,5.0,11.0,13.0,32.0,4.0,9.0,0.0,4.0,5.0,5.0,16.0,4.0,8.0,1.0,1.0,6.0,8.0,16.0,17
0,1,Juventus,45.0,18.0,15.0,0.0,3.0,38.0,14.0,27.0,9.0,9.0,0.0,0.0,24.0,6.0,18.0,9.0,6.0,0.0,3.0,14.0,8.0,18
1,2,Roma,38.0,18.0,12.0,2.0,4.0,39.0,18.0,27.0,9.0,9.0,0.0,0.0,27.0,7.0,11.0,9.0,3.0,2.0,4.0,12.0,11.0,18
2,3,Milan,36.0,18.0,11.0,3.0,4.0,28.0,20.0,20.0,9.0,6.0,2.0,1.0,15.0,9.0,16.0,9.0,5.0,1.0,3.0,13.0,11.0,18
3,4,Napoli,35.0,18.0,10.0,5.0,3.0,40.0,21.0,20.0,9.0,6.0,2.0,1.0,22.0,11.0,15.0,9.0,4.0,3.0,2.0,18.0,10.0,18
4,5,Lazio,34.0,18.0,10.0,4.0,4.0,32.0,21.0,19.0,9.0,6.0,1.0,2.0,18.0,8.0,15.0,9.0,4.0,3.0,2.0,14.0,13.0,18
5,6,Atalanta,32.0,18.0,10.0,2.0,6.0,27.0,21.0,18.0,9.0,6.0,0.0,3.0,16.0,12.0,14.0,9.0,4.0,2.0,3.0,11.0,9.0,18
6,7,Inter,30.0,18.0,9.0,3.0,6.0,28.0,21.0,20.0,9.0,6.0,2.0,1.0,19.0,8.0,10.0,9.0,3.0,1.0,5.0,9.0,13.0,18
7,8,Torino,28.0,18.0,8.0,4.0,6.0,36.0,27.0,20.0,9.0,6.0,2.0,1.0,21.0,10.0,8.0,9.0,2.0,2.0,5.0,15.0,17.0,18
8,9,Fiorentina,27.0,18.0,7.0,6.0,5.0,28.0,24.0,17.0,9.0,4.0,5.0,0.0,11.0,7.0,10.0,9.0,3.0,1.0,5.0,17.0,17.0,18
9,10,Chievo Verona,25.0,18.0,7.0,4.0,7.0,19.0,20.0,15.0,9.0,4.0,3.0,2.0,11.0,9.0,10.0,9.0,3.0,1.0,5.0,8.0,11.0,18
10,11,Udinese,25.0,18.0,7.0,4.0,7.0,24.0,24.0,14.0,9.0,4.0,2.0,3.0,14.0,12.0,11.0,9.0,3.0,2.0,4.0,10.0,12.0,18
11,12,Genoa,23.0,18.0,6.0,5.0,7.0,21.0,22.0,16.0,9.0,4.0,4.0,1.0,15.0,8.0,7.0,9.0,2.0,1.0,6.0,6.0,14.0,18
12,13,Cagliari,23.0,18.0,7.0,2.0,9.0,27.0,42.0,19.0,9.0,6.0,1.0,2.0,20.0,19.0,4.0,9.0,1.0,1.0,7.0,7.0,23.0,18
13,14,Sampdoria,23.0,18.0,6.0,5.0,7.0,21.0,24.0,17.0,9.0,5.0,2.0,2.0,12.0,8.0,6.0,9.0,1.0,3.0,5.0,9.0,16.0,18
14,15,Bologna,20.0,18.0,5.0,5.0,8.0,17.0,23.0,14.0,10.0,4.0,2.0,4.0,9.0,8.0,6.0,8.0,1.0,3.0,4.0,8.0,15.0,18
15,16,Sassuolo,17.0,18.0,5.0,2.0,11.0,24.0,33.0,12.0,8.0,4.0,0.0,4.0,9.0,11.0,5.0,10.0,1.0,2.0,7.0,15.0,22.0,18
16,17,Empoli,14.0,18.0,3.0,5.0,10.0,10.0,26.0,8.0,9.0,2.0,2.0,5.0,5.0,15.0,6.0,9.0,1.0,3.0,5.0,5.0,11.0,18
17,18,Palermo,10.0,18.0,2.0,4.0,12.0,16.0,35.0,1.0,9.0,0.0,1.0,8.0,4.0,18.0,9.0,9.0,2.0,3.0,4.0,12.0,17.0,18
18,19,Crotone,9.0,18.0,2.0,3.0,13.0,14.0,34.0,8.0,9.0,2.0,2.0,5.0,9.0,15.0,1.0,9.0,0.0,1.0,8.0,5.0,19.0,18
19,20,Pescara,9.0,18.0,1.0,6.0,11.0,14.0,33.0,4.0,9.0,0.0,4.0,5.0,5.0,16.0,5.0,9.0,1.0,2.0,6.0,9.0,17.0,18
0,1,Juventus,48.0,19.0,16.0,0.0,3.0,41.0,14.0,30.0,10.0,10.0,0.0,0.0,27.0,6.0,18.0,9.0,6.0,0.0,3.0,14.0,8.0,19
1,2,Roma,41.0,19.0,13.0,2.0,4.0,40.0,18.0,27.0,9.0,9.0,0.0,0.0,27.0,7.0,14.0,10.0,4.0,2.0,4.0,13.0,11.0,19
2,3,Milan,39.0,19.0,12.0,3.0,4.0,29.0,20.0,23.0,10.0,7.0,2.0,1.0,16.0,9.0,16.0,9.0,5.0,1.0,3.0,13.0,11.0,19
3,4,Napoli,38.0,19.0,11.0,5.0,3.0,42.0,22.0,23.0,10.0,7.0,2.0,1.0,24.0,12.0,15.0,9.0,4.0,3.0,2.0,18.0,10.0,19
4,5,Lazio,37.0,19.0,11.0,4.0,4.0,33.0,21.0,22.0,10.0,7.0,1.0,2.0,19.0,8.0,15.0,9.0,4.0,3.0,2.0,14.0,13.0,19
5,6,Atalanta,35.0,19.0,11.0,2.0,6.0,31.0,22.0,18.0,9.0,6.0,0.0,3.0,16.0,12.0,17.0,10.0,5.0,2.0,3.0,15.0,10.0,19
6,7,Inter,33.0,19.0,10.0,3.0,6.0,30.0,22.0,20.0,9.0,6.0,2.0,1.0,19.0,8.0,13.0,10.0,4.0,1.0,5.0,11.0,14.0,19
7,8,Fiorentina,30.0,19.0,8.0,6.0,5.0,30.0,25.0,17.0,9.0,4.0,5.0,0.0,11.0,7.0,13.0,10.0,4.0,1.0,5.0,19.0,18.0,19
8,9,Torino,29.0,19.0,8.0,5.0,6.0,36.0,27.0,20.0,9.0,6.0,2.0,1.0,21.0,10.0,9.0,10.0,2.0,3.0,5.0,15.0,17.0,19
9,10,Chievo Verona,25.0,19.0,7.0,4.0,8.0,20.0,24.0,15.0,10.0,4.0,3.0,3.0,12.0,13.0,10.0,9.0,3.0,1.0,5.0,8.0,11.0,19
10,11,Udinese,25.0,19.0,7.0,4.0,8.0,25.0,26.0,14.0,10.0,4.0,2.0,4.0,15.0,14.0,11.0,9.0,3.0,2.0,4.0,10.0,12.0,19
11,12,Genoa,23.0,19.0,6.0,5.0,8.0,21.0,23.0,16.0,10.0,4.0,4.0,2.0,15.0,9.0,7.0,9.0,2.0,1.0,6.0,6.0,14.0,19
12,13,Cagliari,23.0,19.0,7.0,2.0,10.0,27.0,43.0,19.0,9.0,6.0,1.0,2.0,20.0,19.0,4.0,10.0,1.0,1.0,8.0,7.0,24.0,19
13,14,Sampdoria,23.0,19.0,6.0,5.0,8.0,22.0,26.0,17.0,9.0,5.0,2.0,2.0,12.0,8.0,6.0,10.0,1.0,3.0,6.0,10.0,18.0,19
14,15,Bologna,20.0,19.0,5.0,5.0,9.0,17.0,26.0,14.0,10.0,4.0,2.0,4.0,9.0,8.0,6.0,9.0,1.0,3.0,5.0,8.0,18.0,19
15,16,Sassuolo,18.0,19.0,5.0,3.0,11.0,24.0,33.0,13.0,9.0,4.0,1.0,4.0,9.0,11.0,5.0,10.0,1.0,2.0,7.0,15.0,22.0,19
16,17,Empoli,17.0,19.0,4.0,5.0,10.0,11.0,26.0,11.0,10.0,3.0,2.0,5.0,6.0,15.0,6.0,9.0,1.0,3.0,5.0,5.0,11.0,19
17,18,Palermo,10.0,19.0,2.0,4.0,13.0,16.0,36.0,1.0,9.0,0.0,1.0,8.0,4.0,18.0,9.0,10.0,2.0,3.0,5.0,12.0,18.0,19
18,19,Crotone,9.0,19.0,2.0,3.0,14.0,14.0,35.0,8.0,9.0,2.0,2.0,5.0,9.0,15.0,1.0,10.0,0.0,1.0,9.0,5.0,20.0,19
19,20,Pescara,9.0,19.0,1.0,6.0,12.0,15.0,35.0,4.0,10.0,0.0,4.0,6.0,6.0,18.0,5.0,9.0,1.0,2.0,6.0,9.0,17.0,19
0,1,Juventus,48.0,20.0,16.0,0.0,4.0,42.0,16.0,30.0,10.0,10.0,0.0,0.0,27.0,6.0,18.0,10.0,6.0,0.0,4.0,15.0,10.0,20
1,2,Roma,44.0,20.0,14.0,2.0,4.0,41.0,18.0,27.0,9.0,9.0,0.0,0.0,27.0,7.0,17.0,11.0,5.0,2.0,4.0,14.0,11.0,20
2,3,Napoli,41.0,20.0,12.0,5.0,3.0,45.0,23.0,26.0,11.0,8.0,2.0,1.0,27.0,13.0,15.0,9.0,4.0,3.0,2.0,18.0,10.0,20
3,4,Lazio,40.0,20.0,12.0,4.0,4.0,35.0,22.0,25.0,11.0,8.0,1.0,2.0,21.0,9.0,15.0,9.0,4.0,3.0,2.0,14.0,13.0,20
4,5,Milan,40.0,20.0,12.0,4.0,4.0,31.0,22.0,23.0,10.0,7.0,2.0,1.0,16.0,9.0,17.0,10.0,5.0,2.0,3.0,15.0,13.0,20
5,6,Inter,36.0,20.0,11.0,3.0,6.0,33.0,23.0,23.0,10.0,7.0,2.0,1.0,22.0,9.0,13.0,10.0,4.0,1.0,5.0,11.0,14.0,20
6,7,Atalanta,35.0,20.0,11.0,2.0,7.0,32.0,24.0,18.0,9.0,6.0,0.0,3.0,16.0,12.0,17.0,11.0,5.0,2.0,4.0,16.0,12.0,20
7,8,Fiorentina,33.0,20.0,9.0,6.0,5.0,32.0,26.0,20.0,10.0,5.0,5.0,0.0,13.0,8.0,13.0,10.0,4.0,1.0,5.0,19.0,18.0,20
8,9,Torino,30.0,20.0,8.0,6.0,6.0,38.0,29.0,21.0,10.0,6.0,3.0,1.0,23.0,12.0,9.0,10.0,2.0,3.0,5.0,15.0,17.0,20
9,10,Cagliari,26.0,20.0,8.0,2.0,10.0,31.0,44.0,22.0,10.0,7.0,1.0,2.0,24.0,20.0,4.0,10.0,1.0,1.0,8.0,7.0,24.0,20
10,11,Chievo Verona,25.0,20.0,7.0,4.0,9.0,21.0,27.0,15.0,10.0,4.0,3.0,3.0,12.0,13.0,10.0,10.0,3.0,1.0,6.0,9.0,14.0,20
11,12,Udinese,25.0,20.0,7.0,4.0,9.0,25.0,27.0,14.0,11.0,4.0,2.0,5.0,15.0,15.0,11.0,9.0,3.0,2.0,4.0,10.0,12.0,20
12,13,Sampdoria,24.0,20.0,6.0,6.0,8.0,22.0,26.0,18.0,10.0,5.0,3.0,2.0,12.0,8.0,6.0,10.0,1.0,3.0,6.0,10.0,18.0,20
13,14,Genoa,23.0,20.0,6.0,5.0,9.0,22.0,27.0,16.0,10.0,4.0,4.0,2.0,15.0,9.0,7.0,10.0,2.0,1.0,7.0,7.0,18.0,20
14,15,Bologna,23.0,20.0,6.0,5.0,9.0,18.0,26.0,14.0,10.0,4.0,2.0,4.0,9.0,8.0,9.0,10.0,2.0,3.0,5.0,9.0,18.0,20
15,16,Sassuolo,21.0,20.0,6.0,3.0,11.0,28.0,34.0,16.0,10.0,5.0,1.0,4.0,13.0,12.0,5.0,10.0,1.0,2.0,7.0,15.0,22.0,20
16,17,Empoli,18.0,20.0,4.0,6.0,10.0,11.0,26.0,11.0,10.0,3.0,2.0,5.0,6.0,15.0,7.0,10.0,1.0,4.0,5.0,5.0,11.0,20
17,18,Palermo,10.0,20.0,2.0,4.0,14.0,17.0,40.0,1.0,9.0,0.0,1.0,8.0,4.0,18.0,9.0,11.0,2.0,3.0,6.0,13.0,22.0,20
18,19,Crotone,9.0,20.0,2.0,3.0,15.0,14.0,36.0,8.0,10.0,2.0,2.0,6.0,9.0,16.0,1.0,10.0,0.0,1.0,9.0,5.0,20.0,20
19,20,Pescara,9.0,20.0,1.0,6.0,13.0,16.0,38.0,4.0,10.0,0.0,4.0,6.0,6.0,18.0,5.0,10.0,1.0,2.0,7.0,10.0,20.0,20
0,1,Juventus,51.0,21.0,17.0,0.0,4.0,44.0,16.0,33.0,11.0,11.0,0.0,0.0,29.0,6.0,18.0,10.0,6.0,0.0,4.0,15.0,10.0,21
1,2,Roma,47.0,21.0,15.0,2.0,4.0,42.0,18.0,30.0,10.0,10.0,0.0,0.0,28.0,7.0,17.0,11.0,5.0,2.0,4.0,14.0,11.0,21
2,3,Napoli,44.0,21.0,13.0,5.0,3.0,47.0,24.0,26.0,11.0,8.0,2.0,1.0,27.0,13.0,18.0,10.0,5.0,3.0,2.0,20.0,11.0,21
3,4,Lazio,40.0,21.0,12.0,4.0,5.0,35.0,24.0,25.0,11.0,8.0,1.0,2.0,21.0,9.0,15.0,10.0,4.0,3.0,3.0,14.0,15.0,21
4,5,Milan,40.0,21.0,12.0,4.0,5.0,32.0,24.0,23.0,11.0,7.0,2.0,2.0,17.0,11.0,17.0,10.0,5.0,2.0,3.0,15.0,13.0,21
5,6,Inter,39.0,21.0,12.0,3.0,6.0,34.0,23.0,23.0,10.0,7.0,2.0,1.0,22.0,9.0,16.0,11.0,5.0,1.0,5.0,12.0,14.0,21
6,7,Atalanta,38.0,21.0,12.0,2.0,7.0,33.0,24.0,21.0,10.0,7.0,0.0,3.0,17.0,12.0,17.0,11.0,5.0,2.0,4.0,16.0,12.0,21
7,8,Fiorentina,36.0,21.0,10.0,6.0,5.0,35.0,26.0,20.0,10.0,5.0,5.0,0.0,13.0,8.0,16.0,11.0,5.0,1.0,5.0,22.0,18.0,21
8,9,Torino,30.0,21.0,8.0,6.0,7.0,38.0,31.0,21.0,10.0,6.0,3.0,1.0,23.0,12.0,9.0,11.0,2.0,3.0,6.0,15.0,19.0,21
9,10,Bologna,26.0,21.0,7.0,5.0,9.0,20.0,26.0,17.0,11.0,5.0,2.0,4.0,11.0,8.0,9.0,10.0,2.0,3.0,5.0,9.0,18.0,21
10,11,Cagliari,26.0,21.0,8.0,2.0,11.0,31.0,45.0,22.0,10.0,7.0,1.0,2.0,24.0,20.0,4.0,11.0,1.0,1.0,9.0,7.0,25.0,21
11,12,Chievo Verona,25.0,21.0,7.0,4.0,10.0,21.0,30.0,15.0,11.0,4.0,3.0,4.0,12.0,16.0,10.0,10.0,3.0,1.0,6.0,9.0,14.0,21
12,13,Udinese,25.0,21.0,7.0,4.0,10.0,25.0,28.0,14.0,11.0,4.0,2.0,5.0,15.0,15.0,11.0,10.0,3.0,2.0,5.0,10.0,13.0,21
13,14,Genoa,24.0,21.0,6.0,6.0,9.0,24.0,29.0,17.0,11.0,4.0,5.0,2.0,17.0,11.0,7.0,10.0,2.0,1.0,7.0,7.0,18.0,21
14,15,Sampdoria,24.0,21.0,6.0,6.0,9.0,22.0,27.0,18.0,10.0,5.0,3.0,2.0,12.0,8.0,6.0,11.0,1.0,3.0,7.0,10.0,19.0,21
15,16,Sassuolo,24.0,21.0,7.0,3.0,11.0,31.0,35.0,16.0,10.0,5.0,1.0,4.0,13.0,12.0,8.0,11.0,2.0,2.0,7.0,18.0,23.0,21
16,17,Empoli,21.0,21.0,5.0,6.0,10.0,12.0,26.0,14.0,11.0,4.0,2.0,5.0,7.0,15.0,7.0,10.0,1.0,4.0,5.0,5.0,11.0,21
17,18,Crotone,10.0,21.0,2.0,4.0,15.0,16.0,38.0,8.0,10.0,2.0,2.0,6.0,9.0,16.0,2.0,11.0,0.0,2.0,9.0,7.0,22.0,21
18,19,Palermo,10.0,21.0,2.0,4.0,15.0,17.0,41.0,1.0,10.0,0.0,1.0,9.0,4.0,19.0,9.0,11.0,2.0,3.0,6.0,13.0,22.0,21
19,20,Pescara,9.0,21.0,1.0,6.0,14.0,17.0,41.0,4.0,11.0,0.0,4.0,7.0,7.0,21.0,5.0,10.0,1.0,2.0,7.0,10.0,20.0,21
0,1,Juventus,54.0,22.0,18.0,0.0,4.0,46.0,16.0,33.0,11.0,11.0,0.0,0.0,29.0,6.0,21.0,11.0,7.0,0.0,4.0,17.0,10.0,22
1,2,Roma,47.0,22.0,15.0,2.0,5.0,44.0,21.0,30.0,10.0,10.0,0.0,0.0,28.0,7.0,17.0,12.0,5.0,2.0,5.0,16.0,14.0,22
2,3,Napoli,45.0,22.0,13.0,6.0,3.0,48.0,25.0,27.0,12.0,8.0,3.0,1.0,28.0,14.0,18.0,10.0,5.0,3.0,2.0,20.0,11.0,22
3,4,Inter,42.0,22.0,13.0,3.0,6.0,37.0,23.0,26.0,11.0,8.0,2.0,1.0,25.0,9.0,16.0,11.0,5.0,1.0,5.0,12.0,14.0,22
4,5,Lazio,40.0,22.0,12.0,4.0,6.0,35.0,25.0,25.0,12.0,8.0,1.0,3.0,21.0,10.0,15.0,10.0,4.0,3.0,3.0,14.0,15.0,22
5,6,Milan,40.0,22.0,12.0,4.0,6.0,33.0,26.0,23.0,11.0,7.0,2.0,2.0,17.0,11.0,17.0,11.0,5.0,2.0,4.0,16.0,15.0,22
6,7,Atalanta,39.0,22.0,12.0,3.0,7.0,34.0,25.0,21.0,10.0,7.0,0.0,3.0,17.0,12.0,18.0,12.0,5.0,3.0,4.0,17.0,13.0,22
7,8,Fiorentina,37.0,22.0,10.0,7.0,5.0,38.0,29.0,21.0,11.0,5.0,6.0,0.0,16.0,11.0,16.0,11.0,5.0,1.0,5.0,22.0,18.0,22
8,9,Torino,31.0,22.0,8.0,7.0,7.0,39.0,32.0,22.0,11.0,6.0,4.0,1.0,24.0,13.0,9.0,11.0,2.0,3.0,6.0,15.0,19.0,22
9,10,Chievo Verona,28.0,22.0,8.0,4.0,10.0,22.0,30.0,15.0,11.0,4.0,3.0,4.0,12.0,16.0,13.0,11.0,4.0,1.0,6.0,10.0,14.0,22
10,11,Udinese,28.0,22.0,8.0,4.0,10.0,27.0,29.0,17.0,12.0,5.0,2.0,5.0,17.0,16.0,11.0,10.0,3.0,2.0,5.0,10.0,13.0,22
11,12,Bologna,27.0,22.0,7.0,6.0,9.0,21.0,27.0,17.0,11.0,5.0,2.0,4.0,11.0,8.0,10.0,11.0,2.0,4.0,5.0,10.0,19.0,22
12,13,Cagliari,27.0,22.0,8.0,3.0,11.0,32.0,46.0,23.0,11.0,7.0,2.0,2.0,25.0,21.0,4.0,11.0,1.0,1.0,9.0,7.0,25.0,22
13,14,Sampdoria,27.0,22.0,7.0,6.0,9.0,25.0,29.0,21.0,11.0,6.0,3.0,2.0,15.0,10.0,6.0,11.0,1.0,3.0,7.0,10.0,19.0,22
14,15,Genoa,25.0,22.0,6.0,7.0,9.0,27.0,32.0,17.0,11.0,4.0,5.0,2.0,17.0,11.0,8.0,11.0,2.0,2.0,7.0,10.0,21.0,22
15,16,Sassuolo,24.0,22.0,7.0,3.0,12.0,31.0,37.0,16.0,11.0,5.0,1.0,5.0,13.0,14.0,8.0,11.0,2.0,2.0,7.0,18.0,23.0,22
16,17,Empoli,21.0,22.0,5.0,6.0,11.0,13.0,30.0,14.0,11.0,4.0,2.0,5.0,7.0,15.0,7.0,11.0,1.0,4.0,6.0,6.0,15.0,22
17,18,Crotone,13.0,22.0,3.0,4.0,15.0,20.0,39.0,11.0,11.0,3.0,2.0,6.0,13.0,17.0,2.0,11.0,0.0,2.0,9.0,7.0,22.0,22
18,19,Palermo,11.0,22.0,2.0,5.0,15.0,18.0,42.0,1.0,10.0,0.0,1.0,9.0,4.0,19.0,10.0,12.0,2.0,4.0,6.0,14.0,23.0,22
19,20,Pescara,9.0,22.0,1.0,6.0,15.0,17.0,44.0,4.0,11.0,0.0,4.0,7.0,7.0,21.0,5.0,11.0,1.0,2.0,8.0,10.0,23.0,22
0,1,Juventus,57.0,23.0,19.0,0.0,4.0,47.0,16.0,36.0,12.0,12.0,0.0,0.0,30.0,6.0,21.0,11.0,7.0,0.0,4.0,17.0,10.0,23
1,2,Roma,50.0,23.0,16.0,2.0,5.0,48.0,21.0,33.0,11.0,11.0,0.0,0.0,32.0,7.0,17.0,12.0,5.0,2.0,5.0,16.0,14.0,23
2,3,Napoli,48.0,23.0,14.0,6.0,3.0,55.0,26.0,27.0,12.0,8.0,3.0,1.0,28.0,14.0,21.0,11.0,6.0,3.0,2.0,27.0,12.0,23
3,4,Lazio,43.0,23.0,13.0,4.0,6.0,41.0,27.0,25.0,12.0,8.0,1.0,3.0,21.0,10.0,18.0,11.0,5.0,3.0,3.0,20.0,17.0,23
4,5,Inter,42.0,23.0,13.0,3.0,7.0,37.0,24.0,26.0,11.0,8.0,2.0,1.0,25.0,9.0,16.0,12.0,5.0,1.0,6.0,12.0,15.0,23
5,6,Atalanta,42.0,23.0,13.0,3.0,7.0,36.0,25.0,24.0,11.0,8.0,0.0,3.0,19.0,12.0,18.0,12.0,5.0,3.0,4.0,17.0,13.0,23
6,7,Milan,40.0,23.0,12.0,4.0,7.0,33.0,27.0,23.0,12.0,7.0,2.0,3.0,17.0,12.0,17.0,11.0,5.0,2.0,4.0,16.0,15.0,23
7,8,Fiorentina,37.0,23.0,10.0,7.0,6.0,38.0,33.0,21.0,11.0,5.0,6.0,0.0,16.0,11.0,16.0,12.0,5.0,1.0,6.0,22.0,22.0,23
8,9,Torino,32.0,23.0,8.0,8.0,7.0,40.0,33.0,22.0,11.0,6.0,4.0,1.0,24.0,13.0,10.0,12.0,2.0,4.0,6.0,16.0,20.0,23
9,10,Sampdoria,30.0,23.0,8.0,6.0,9.0,26.0,29.0,21.0,11.0,6.0,3.0,2.0,15.0,10.0,9.0,12.0,2.0,3.0,7.0,11.0,19.0,23
10,11,Chievo Verona,29.0,23.0,8.0,5.0,10.0,22.0,30.0,16.0,12.0,4.0,4.0,4.0,12.0,16.0,13.0,11.0,4.0,1.0,6.0,10.0,14.0,23
11,12,Udinese,29.0,23.0,8.0,5.0,10.0,27.0,29.0,17.0,12.0,5.0,2.0,5.0,17.0,16.0,12.0,11.0,3.0,3.0,5.0,10.0,13.0,23
12,13,Bologna,27.0,23.0,7.0,6.0,10.0,22.0,34.0,17.0,12.0,5.0,2.0,5.0,12.0,15.0,10.0,11.0,2.0,4.0,5.0,10.0,19.0,23
13,14,Cagliari,27.0,23.0,8.0,3.0,12.0,32.0,48.0,23.0,11.0,7.0,2.0,2.0,25.0,21.0,4.0,12.0,1.0,1.0,10.0,7.0,27.0,23
14,15,Sassuolo,27.0,23.0,8.0,3.0,12.0,32.0,37.0,16.0,11.0,5.0,1.0,5.0,13.0,14.0,11.0,12.0,3.0,2.0,7.0,19.0,23.0,23
15,16,Genoa,25.0,23.0,6.0,7.0,10.0,27.0,33.0,17.0,12.0,4.0,5.0,3.0,17.0,12.0,8.0,11.0,2.0,2.0,7.0,10.0,21.0,23
16,17,Empoli,22.0,23.0,5.0,7.0,11.0,14.0,31.0,15.0,12.0,4.0,3.0,5.0,8.0,16.0,7.0,11.0,1.0,4.0,6.0,6.0,15.0,23
17,18,Palermo,14.0,23.0,3.0,5.0,15.0,19.0,42.0,4.0,11.0,1.0,1.0,9.0,5.0,19.0,10.0,12.0,2.0,4.0,6.0,14.0,23.0,23
18,19,Crotone,13.0,23.0,3.0,4.0,16.0,20.0,40.0,11.0,11.0,3.0,2.0,6.0,13.0,17.0,2.0,12.0,0.0,2.0,10.0,7.0,23.0,23
19,20,Pescara,9.0,23.0,1.0,6.0,16.0,19.0,50.0,4.0,12.0,0.0,4.0,8.0,9.0,27.0,5.0,11.0,1.0,2.0,8.0,10.0,23.0,23
0,1,Juventus,60.0,24.0,20.0,0.0,4.0,49.0,16.0,36.0,12.0,12.0,0.0,0.0,30.0,6.0,24.0,12.0,8.0,0.0,4.0,19.0,10.0,24
1,2,Roma,53.0,24.0,17.0,2.0,5.0,50.0,21.0,33.0,11.0,11.0,0.0,0.0,32.0,7.0,20.0,13.0,6.0,2.0,5.0,18.0,14.0,24
2,3,Napoli,51.0,24.0,15.0,6.0,3.0,57.0,26.0,30.0,13.0,9.0,3.0,1.0,30.0,14.0,21.0,11.0,6.0,3.0,2.0,27.0,12.0,24
3,4,Atalanta,45.0,24.0,14.0,3.0,7.0,39.0,26.0,24.0,11.0,8.0,0.0,3.0,19.0,12.0,21.0,13.0,6.0,3.0,4.0,20.0,14.0,24
4,5,Inter,45.0,24.0,14.0,3.0,7.0,39.0,24.0,29.0,12.0,9.0,2.0,1.0,27.0,9.0,16.0,12.0,5.0,1.0,6.0,12.0,15.0,24
5,6,Lazio,44.0,24.0,13.0,5.0,6.0,42.0,28.0,26.0,13.0,8.0,2.0,3.0,22.0,11.0,18.0,11.0,5.0,3.0,3.0,20.0,17.0,24
6,7,Milan,41.0,24.0,12.0,5.0,7.0,34.0,28.0,23.0,12.0,7.0,2.0,3.0,17.0,12.0,18.0,12.0,5.0,3.0,4.0,17.0,16.0,24
7,8,Fiorentina,40.0,24.0,11.0,7.0,6.0,41.0,33.0,24.0,12.0,6.0,6.0,0.0,19.0,11.0,16.0,12.0,5.0,1.0,6.0,22.0,22.0,24
8,9,Torino,35.0,24.0,9.0,8.0,7.0,45.0,36.0,25.0,12.0,7.0,4.0,1.0,29.0,16.0,10.0,12.0,2.0,4.0,6.0,16.0,20.0,24
9,10,Sampdoria,33.0,24.0,9.0,6.0,9.0,29.0,30.0,24.0,12.0,7.0,3.0,2.0,18.0,11.0,9.0,12.0,2.0,3.0,7.0,11.0,19.0,24
10,11,Chievo Verona,32.0,24.0,9.0,5.0,10.0,25.0,31.0,16.0,12.0,4.0,4.0,4.0,12.0,16.0,16.0,12.0,5.0,1.0,6.0,13.0,15.0,24
11,12,Udinese,29.0,24.0,8.0,5.0,11.0,27.0,32.0,17.0,12.0,5.0,2.0,5.0,17.0,16.0,12.0,12.0,3.0,3.0,6.0,10.0,16.0,24
12,13,Bologna,27.0,24.0,7.0,6.0,11.0,23.0,37.0,17.0,12.0,5.0,2.0,5.0,12.0,15.0,10.0,12.0,2.0,4.0,6.0,11.0,22.0,24
13,14,Cagliari,27.0,24.0,8.0,3.0,13.0,32.0,50.0,23.0,12.0,7.0,2.0,3.0,25.0,23.0,4.0,12.0,1.0,1.0,10.0,7.0,27.0,24
14,15,Sassuolo,27.0,24.0,8.0,3.0,13.0,33.0,40.0,16.0,12.0,5.0,1.0,6.0,14.0,17.0,11.0,12.0,3.0,2.0,7.0,19.0,23.0,24
15,16,Genoa,25.0,24.0,6.0,7.0,11.0,27.0,35.0,17.0,12.0,4.0,5.0,3.0,17.0,12.0,8.0,12.0,2.0,2.0,8.0,10.0,23.0,24
16,17,Empoli,22.0,24.0,5.0,7.0,12.0,14.0,33.0,15.0,12.0,4.0,3.0,5.0,8.0,16.0,7.0,12.0,1.0,4.0,7.0,6.0,17.0,24
17,18,Palermo,14.0,24.0,3.0,5.0,16.0,20.0,45.0,4.0,12.0,1.0,1.0,10.0,6.0,22.0,10.0,12.0,2.0,4.0,6.0,14.0,23.0,24
18,19,Crotone,13.0,24.0,3.0,4.0,17.0,20.0,42.0,11.0,12.0,3.0,2.0,7.0,13.0,19.0,2.0,12.0,0.0,2.0,10.0,7.0,23.0,24
19,20,Pescara,9.0,24.0,1.0,6.0,17.0,22.0,55.0,4.0,12.0,0.0,4.0,8.0,9.0,27.0,5.0,12.0,1.0,2.0,9.0,13.0,28.0,24
0,1,Juventus,63.0,25.0,21.0,0.0,4.0,53.0,17.0,39.0,13.0,13.0,0.0,0.0,34.0,7.0,24.0,12.0,8.0,0.0,4.0,19.0,10.0,25
1,2,Roma,56.0,25.0,18.0,2.0,5.0,54.0,22.0,36.0,12.0,12.0,0.0,0.0,36.0,8.0,20.0,13.0,6.0,2.0,5.0,18.0,14.0,25
2,3,Napoli,54.0,25.0,16.0,6.0,3.0,60.0,27.0,30.0,13.0,9.0,3.0,1.0,30.0,14.0,24.0,12.0,7.0,3.0,2.0,30.0,13.0,25
3,4,Atalanta,48.0,25.0,15.0,3.0,7.0,40.0,26.0,27.0,12.0,9.0,0.0,3.0,20.0,12.0,21.0,13.0,6.0,3.0,4.0,20.0,14.0,25
4,5,Inter,48.0,25.0,15.0,3.0,7.0,40.0,24.0,29.0,12.0,9.0,2.0,1.0,27.0,9.0,19.0,13.0,6.0,1.0,6.0,13.0,15.0,25
5,6,Lazio,47.0,25.0,14.0,5.0,6.0,44.0,29.0,26.0,13.0,8.0,2.0,3.0,22.0,11.0,21.0,12.0,6.0,3.0,3.0,22.0,18.0,25
6,7,Milan,44.0,25.0,13.0,5.0,7.0,36.0,29.0,26.0,13.0,8.0,2.0,3.0,19.0,13.0,18.0,12.0,5.0,3.0,4.0,17.0,16.0,25
7,8,Fiorentina,40.0,25.0,11.0,7.0,7.0,42.0,35.0,24.0,12.0,6.0,6.0,0.0,19.0,11.0,16.0,13.0,5.0,1.0,7.0,23.0,24.0,25
8,9,Torino,35.0,25.0,9.0,8.0,8.0,46.0,40.0,25.0,12.0,7.0,4.0,1.0,29.0,16.0,10.0,13.0,2.0,4.0,7.0,17.0,24.0,25
9,10,Sampdoria,34.0,25.0,9.0,7.0,9.0,30.0,31.0,25.0,13.0,7.0,4.0,2.0,19.0,12.0,9.0,12.0,2.0,3.0,7.0,11.0,19.0,25
10,11,Chievo Verona,32.0,25.0,9.0,5.0,11.0,26.0,34.0,16.0,13.0,4.0,4.0,5.0,13.0,19.0,16.0,12.0,5.0,1.0,6.0,13.0,15.0,25
11,12,Sassuolo,30.0,25.0,9.0,3.0,13.0,35.0,41.0,16.0,12.0,5.0,1.0,6.0,14.0,17.0,14.0,13.0,4.0,2.0,7.0,21.0,24.0,25
12,13,Udinese,29.0,25.0,8.0,5.0,12.0,28.0,34.0,17.0,13.0,5.0,2.0,6.0,18.0,18.0,12.0,12.0,3.0,3.0,6.0,10.0,16.0,25
13,14,Cagliari,28.0,25.0,8.0,4.0,13.0,33.0,51.0,23.0,12.0,7.0,2.0,3.0,25.0,23.0,5.0,13.0,1.0,2.0,10.0,8.0,28.0,25
14,15,Bologna,27.0,25.0,7.0,6.0,12.0,23.0,38.0,17.0,13.0,5.0,2.0,6.0,12.0,16.0,10.0,12.0,2.0,4.0,6.0,11.0,22.0,25
15,16,Genoa,25.0,25.0,6.0,7.0,12.0,27.0,40.0,17.0,12.0,4.0,5.0,3.0,17.0,12.0,8.0,13.0,2.0,2.0,9.0,10.0,28.0,25
16,17,Empoli,22.0,25.0,5.0,7.0,13.0,15.0,35.0,15.0,13.0,4.0,3.0,6.0,9.0,18.0,7.0,12.0,1.0,4.0,7.0,6.0,17.0,25
17,18,Palermo,14.0,25.0,3.0,5.0,17.0,21.0,49.0,4.0,12.0,1.0,1.0,10.0,6.0,22.0,10.0,13.0,2.0,4.0,7.0,15.0,27.0,25
18,19,Crotone,13.0,25.0,3.0,4.0,18.0,20.0,43.0,11.0,12.0,3.0,2.0,7.0,13.0,19.0,2.0,13.0,0.0,2.0,11.0,7.0,24.0,25
19,20,Pescara,12.0,25.0,2.0,6.0,17.0,27.0,55.0,7.0,13.0,1.0,4.0,8.0,14.0,27.0,5.0,12.0,1.0,2.0,9.0,13.0,28.0,25
0,1,Juventus,66.0,26.0,22.0,0.0,4.0,55.0,17.0,42.0,14.0,14.0,0.0,0.0,36.0,7.0,24.0,12.0,8.0,0.0,4.0,19.0,10.0,26
1,2,Roma,59.0,26.0,19.0,2.0,5.0,57.0,23.0,36.0,12.0,12.0,0.0,0.0,36.0,8.0,23.0,14.0,7.0,2.0,5.0,21.0,15.0,26
2,3,Napoli,54.0,26.0,16.0,6.0,4.0,60.0,29.0,30.0,14.0,9.0,3.0,2.0,30.0,16.0,24.0,12.0,7.0,3.0,2.0,30.0,13.0,26
3,4,Atalanta,51.0,26.0,16.0,3.0,7.0,42.0,26.0,27.0,12.0,9.0,0.0,3.0,20.0,12.0,24.0,14.0,7.0,3.0,4.0,22.0,14.0,26
4,5,Lazio,50.0,26.0,15.0,5.0,6.0,45.0,29.0,29.0,14.0,9.0,2.0,3.0,23.0,11.0,21.0,12.0,6.0,3.0,3.0,22.0,18.0,26
5,6,Inter,48.0,26.0,15.0,3.0,8.0,41.0,27.0,29.0,13.0,9.0,2.0,2.0,28.0,12.0,19.0,13.0,6.0,1.0,6.0,13.0,15.0,26
6,7,Milan,47.0,26.0,14.0,5.0,7.0,37.0,29.0,26.0,13.0,8.0,2.0,3.0,19.0,13.0,21.0,13.0,6.0,3.0,4.0,18.0,16.0,26
7,8,Fiorentina,41.0,26.0,11.0,8.0,7.0,44.0,37.0,25.0,13.0,6.0,7.0,0.0,21.0,13.0,16.0,13.0,5.0,1.0,7.0,23.0,24.0,26
8,9,Torino,36.0,26.0,9.0,9.0,8.0,48.0,42.0,25.0,12.0,7.0,4.0,1.0,29.0,16.0,11.0,14.0,2.0,5.0,7.0,19.0,26.0,26
9,10,Chievo Verona,35.0,26.0,10.0,5.0,11.0,28.0,34.0,19.0,14.0,5.0,4.0,5.0,15.0,19.0,16.0,12.0,5.0,1.0,6.0,13.0,15.0,26
10,11,Sampdoria,35.0,26.0,9.0,8.0,9.0,31.0,32.0,25.0,13.0,7.0,4.0,2.0,19.0,12.0,10.0,13.0,2.0,4.0,7.0,12.0,20.0,26
11,12,Cagliari,31.0,26.0,9.0,4.0,13.0,35.0,52.0,23.0,12.0,7.0,2.0,3.0,25.0,23.0,8.0,14.0,2.0,2.0,10.0,10.0,29.0,26
12,13,Sassuolo,30.0,26.0,9.0,3.0,14.0,35.0,42.0,16.0,13.0,5.0,1.0,7.0,14.0,18.0,14.0,13.0,4.0,2.0,7.0,21.0,24.0,26
13,14,Udinese,29.0,26.0,8.0,5.0,13.0,28.0,35.0,17.0,13.0,5.0,2.0,6.0,18.0,18.0,12.0,13.0,3.0,3.0,7.0,10.0,17.0,26
14,15,Bologna,28.0,26.0,7.0,7.0,12.0,24.0,39.0,17.0,13.0,5.0,2.0,6.0,12.0,16.0,11.0,13.0,2.0,5.0,6.0,12.0,23.0,26
15,16,Genoa,26.0,26.0,6.0,8.0,12.0,28.0,41.0,18.0,13.0,4.0,6.0,3.0,18.0,13.0,8.0,13.0,2.0,2.0,9.0,10.0,28.0,26
16,17,Empoli,22.0,26.0,5.0,7.0,14.0,15.0,37.0,15.0,13.0,4.0,3.0,6.0,9.0,18.0,7.0,13.0,1.0,4.0,8.0,6.0,19.0,26
17,18,Palermo,15.0,26.0,3.0,6.0,17.0,22.0,50.0,5.0,13.0,1.0,2.0,10.0,7.0,23.0,10.0,13.0,2.0,4.0,7.0,15.0,27.0,26
18,19,Crotone,13.0,26.0,3.0,4.0,19.0,21.0,45.0,11.0,13.0,3.0,2.0,8.0,14.0,21.0,2.0,13.0,0.0,2.0,11.0,7.0,24.0,26
19,20,Pescara,12.0,26.0,2.0,6.0,18.0,27.0,57.0,7.0,13.0,1.0,4.0,8.0,14.0,27.0,5.0,13.0,1.0,2.0,10.0,13.0,30.0,26
0,1,Juventus,67.0,27.0,22.0,1.0,4.0,56.0,18.0,42.0,14.0,14.0,0.0,0.0,36.0,7.0,25.0,13.0,8.0,1.0,4.0,20.0,11.0,27
1,2,Roma,59.0,27.0,19.0,2.0,6.0,58.0,25.0,36.0,13.0,12.0,0.0,1.0,37.0,10.0,23.0,14.0,7.0,2.0,5.0,21.0,15.0,27
2,3,Napoli,57.0,27.0,17.0,6.0,4.0,62.0,30.0,30.0,14.0,9.0,3.0,2.0,30.0,16.0,27.0,13.0,8.0,3.0,2.0,32.0,14.0,27
3,4,Lazio,53.0,27.0,16.0,5.0,6.0,47.0,29.0,29.0,14.0,9.0,2.0,3.0,23.0,11.0,24.0,13.0,7.0,3.0,3.0,24.0,18.0,27
4,5,Atalanta,52.0,27.0,16.0,4.0,7.0,42.0,26.0,28.0,13.0,9.0,1.0,3.0,20.0,12.0,24.0,14.0,7.0,3.0,4.0,22.0,14.0,27
5,6,Inter,51.0,27.0,16.0,3.0,8.0,46.0,28.0,29.0,13.0,9.0,2.0,2.0,28.0,12.0,22.0,14.0,7.0,1.0,6.0,18.0,16.0,27
6,7,Milan,50.0,27.0,15.0,5.0,7.0,40.0,30.0,29.0,14.0,9.0,2.0,3.0,22.0,14.0,21.0,13.0,6.0,3.0,4.0,18.0,16.0,27
7,8,Fiorentina,42.0,27.0,11.0,9.0,7.0,44.0,37.0,25.0,13.0,6.0,7.0,0.0,21.0,13.0,17.0,14.0,5.0,2.0,7.0,23.0,24.0,27
8,9,Torino,39.0,27.0,10.0,9.0,8.0,51.0,43.0,28.0,13.0,8.0,4.0,1.0,32.0,17.0,11.0,14.0,2.0,5.0,7.0,19.0,26.0,27
9,10,Sampdoria,38.0,27.0,10.0,8.0,9.0,34.0,33.0,28.0,14.0,8.0,4.0,2.0,22.0,13.0,10.0,13.0,2.0,4.0,7.0,12.0,20.0,27
10,11,Chievo Verona,35.0,27.0,10.0,5.0,12.0,29.0,37.0,19.0,14.0,5.0,4.0,5.0,15.0,19.0,16.0,13.0,5.0,1.0,7.0,14.0,18.0,27
11,12,Cagliari,31.0,27.0,9.0,4.0,14.0,36.0,57.0,23.0,13.0,7.0,2.0,4.0,26.0,28.0,8.0,14.0,2.0,2.0,10.0,10.0,29.0,27
12,13,Sassuolo,31.0,27.0,9.0,4.0,14.0,35.0,42.0,16.0,13.0,5.0,1.0,7.0,14.0,18.0,15.0,14.0,4.0,3.0,7.0,21.0,24.0,27
13,14,Udinese,30.0,27.0,8.0,6.0,13.0,29.0,36.0,18.0,14.0,5.0,3.0,6.0,19.0,19.0,12.0,13.0,3.0,3.0,7.0,10.0,17.0,27
14,15,Genoa,29.0,27.0,7.0,8.0,12.0,30.0,41.0,18.0,13.0,4.0,6.0,3.0,18.0,13.0,11.0,14.0,3.0,2.0,9.0,12.0,28.0,27
15,16,Bologna,28.0,27.0,7.0,7.0,13.0,24.0,41.0,17.0,14.0,5.0,2.0,7.0,12.0,18.0,11.0,13.0,2.0,5.0,6.0,12.0,23.0,27
16,17,Empoli,22.0,27.0,5.0,7.0,15.0,15.0,39.0,15.0,14.0,4.0,3.0,7.0,9.0,20.0,7.0,13.0,1.0,4.0,8.0,6.0,19.0,27
17,18,Palermo,15.0,27.0,3.0,6.0,18.0,23.0,53.0,5.0,13.0,1.0,2.0,10.0,7.0,23.0,10.0,14.0,2.0,4.0,8.0,16.0,30.0,27
18,19,Crotone,14.0,27.0,3.0,5.0,19.0,21.0,45.0,12.0,14.0,3.0,3.0,8.0,14.0,21.0,2.0,13.0,0.0,2.0,11.0,7.0,24.0,27
19,20,Pescara,12.0,27.0,2.0,6.0,19.0,28.0,60.0,7.0,13.0,1.0,4.0,8.0,14.0,27.0,5.0,14.0,1.0,2.0,11.0,14.0,33.0,27
0,1,Juventus,70.0,28.0,23.0,1.0,4.0,58.0,19.0,45.0,15.0,15.0,0.0,0.0,38.0,8.0,25.0,13.0,8.0,1.0,4.0,20.0,11.0,28
1,2,Roma,62.0,28.0,20.0,2.0,6.0,61.0,25.0,36.0,13.0,12.0,0.0,1.0,37.0,10.0,26.0,15.0,8.0,2.0,5.0,24.0,15.0,28
2,3,Napoli,60.0,28.0,18.0,6.0,4.0,65.0,30.0,33.0,15.0,10.0,3.0,2.0,33.0,16.0,27.0,13.0,8.0,3.0,2.0,32.0,14.0,28
3,4,Lazio,56.0,28.0,17.0,5.0,6.0,50.0,30.0,32.0,15.0,10.0,2.0,3.0,26.0,12.0,24.0,13.0,7.0,3.0,3.0,24.0,18.0,28
4,5,Inter,54.0,28.0,17.0,3.0,8.0,53.0,29.0,32.0,14.0,10.0,2.0,2.0,35.0,13.0,22.0,14.0,7.0,1.0,6.0,18.0,16.0,28
5,6,Atalanta,52.0,28.0,16.0,4.0,8.0,43.0,33.0,28.0,13.0,9.0,1.0,3.0,20.0,12.0,24.0,15.0,7.0,3.0,5.0,23.0,21.0,28
6,7,Milan,50.0,28.0,15.0,5.0,8.0,41.0,32.0,29.0,14.0,9.0,2.0,3.0,22.0,14.0,21.0,14.0,6.0,3.0,5.0,19.0,18.0,28
7,8,Fiorentina,45.0,28.0,12.0,9.0,7.0,45.0,37.0,28.0,14.0,7.0,7.0,0.0,22.0,13.0,17.0,14.0,5.0,2.0,7.0,23.0,24.0,28
8,9,Sampdoria,41.0,28.0,11.0,8.0,9.0,35.0,33.0,28.0,14.0,8.0,4.0,2.0,22.0,13.0,13.0,14.0,3.0,4.0,7.0,13.0,20.0,28
9,10,Torino,39.0,28.0,10.0,9.0,9.0,52.0,46.0,28.0,13.0,8.0,4.0,1.0,32.0,17.0,11.0,15.0,2.0,5.0,8.0,20.0,29.0,28
10,11,Chievo Verona,38.0,28.0,11.0,5.0,12.0,33.0,37.0,22.0,15.0,6.0,4.0,5.0,19.0,19.0,16.0,13.0,5.0,1.0,7.0,14.0,18.0,28
11,12,Udinese,33.0,28.0,9.0,6.0,13.0,32.0,37.0,18.0,14.0,5.0,3.0,6.0,19.0,19.0,15.0,14.0,4.0,3.0,7.0,13.0,18.0,28
12,13,Bologna,31.0,28.0,8.0,7.0,13.0,25.0,41.0,17.0,14.0,5.0,2.0,7.0,12.0,18.0,14.0,14.0,3.0,5.0,6.0,13.0,23.0,28
13,14,Cagliari,31.0,28.0,9.0,4.0,15.0,36.0,58.0,23.0,13.0,7.0,2.0,4.0,26.0,28.0,8.0,15.0,2.0,2.0,11.0,10.0,30.0,28
14,15,Sassuolo,31.0,28.0,9.0,4.0,15.0,35.0,43.0,16.0,14.0,5.0,1.0,8.0,14.0,19.0,15.0,14.0,4.0,3.0,7.0,21.0,24.0,28
15,16,Genoa,29.0,28.0,7.0,8.0,13.0,30.0,42.0,18.0,14.0,4.0,6.0,4.0,18.0,14.0,11.0,14.0,3.0,2.0,9.0,12.0,28.0,28
16,17,Empoli,22.0,28.0,5.0,7.0,16.0,15.0,43.0,15.0,14.0,4.0,3.0,7.0,9.0,20.0,7.0,14.0,1.0,4.0,9.0,6.0,23.0,28
17,18,Palermo,15.0,28.0,3.0,6.0,19.0,23.0,56.0,5.0,14.0,1.0,2.0,11.0,7.0,26.0,10.0,14.0,2.0,4.0,8.0,16.0,30.0,28
18,19,Crotone,14.0,28.0,3.0,5.0,20.0,21.0,48.0,12.0,14.0,3.0,3.0,8.0,14.0,21.0,2.0,14.0,0.0,2.0,12.0,7.0,27.0,28
19,20,Pescara,12.0,28.0,2.0,6.0,20.0,29.0,63.0,7.0,14.0,1.0,4.0,9.0,15.0,30.0,5.0,14.0,1.0,2.0,11.0,14.0,33.0,28
0,1,Juventus,73.0,29.0,24.0,1.0,4.0,59.0,19.0,45.0,15.0,15.0,0.0,0.0,38.0,8.0,28.0,14.0,9.0,1.0,4.0,21.0,11.0,29
1,2,Roma,65.0,29.0,21.0,2.0,6.0,64.0,26.0,39.0,14.0,13.0,0.0,1.0,40.0,11.0,26.0,15.0,8.0,2.0,5.0,24.0,15.0,29
2,3,Napoli,63.0,29.0,19.0,6.0,4.0,68.0,32.0,33.0,15.0,10.0,3.0,2.0,33.0,16.0,30.0,14.0,9.0,3.0,2.0,35.0,16.0,29
3,4,Lazio,57.0,29.0,17.0,6.0,6.0,50.0,30.0,32.0,15.0,10.0,2.0,3.0,26.0,12.0,25.0,14.0,7.0,4.0,3.0,24.0,18.0,29
4,5,Inter,55.0,29.0,17.0,4.0,8.0,55.0,31.0,32.0,14.0,10.0,2.0,2.0,35.0,13.0,23.0,15.0,7.0,2.0,6.0,20.0,18.0,29
5,6,Atalanta,55.0,29.0,17.0,4.0,8.0,46.0,33.0,31.0,14.0,10.0,1.0,3.0,23.0,12.0,24.0,15.0,7.0,3.0,5.0,23.0,21.0,29
6,7,Milan,53.0,29.0,16.0,5.0,8.0,42.0,32.0,32.0,15.0,10.0,2.0,3.0,23.0,14.0,21.0,14.0,6.0,3.0,5.0,19.0,18.0,29
7,8,Fiorentina,48.0,29.0,13.0,9.0,7.0,46.0,37.0,28.0,14.0,7.0,7.0,0.0,22.0,13.0,20.0,15.0,6.0,2.0,7.0,24.0,24.0,29
8,9,Sampdoria,41.0,29.0,11.0,8.0,10.0,35.0,34.0,28.0,15.0,8.0,4.0,3.0,22.0,14.0,13.0,14.0,3.0,4.0,7.0,13.0,20.0,29
9,10,Torino,40.0,29.0,10.0,10.0,9.0,54.0,48.0,29.0,14.0,8.0,5.0,1.0,34.0,19.0,11.0,15.0,2.0,5.0,8.0,20.0,29.0,29
10,11,Chievo Verona,38.0,29.0,11.0,5.0,13.0,34.0,41.0,22.0,15.0,6.0,4.0,5.0,19.0,19.0,16.0,14.0,5.0,1.0,8.0,15.0,22.0,29
11,12,Udinese,36.0,29.0,10.0,6.0,13.0,36.0,38.0,21.0,15.0,6.0,3.0,6.0,23.0,20.0,15.0,14.0,4.0,3.0,7.0,13.0,18.0,29
12,13,Bologna,34.0,29.0,9.0,7.0,13.0,29.0,42.0,20.0,15.0,6.0,2.0,7.0,16.0,19.0,14.0,14.0,3.0,5.0,6.0,13.0,23.0,29
13,14,Cagliari,32.0,29.0,9.0,5.0,15.0,36.0,58.0,24.0,14.0,7.0,3.0,4.0,26.0,28.0,8.0,15.0,2.0,2.0,11.0,10.0,30.0,29
14,15,Sassuolo,31.0,29.0,9.0,4.0,16.0,36.0,46.0,16.0,14.0,5.0,1.0,8.0,14.0,19.0,15.0,15.0,4.0,3.0,8.0,22.0,27.0,29
15,16,Genoa,29.0,29.0,7.0,8.0,14.0,30.0,43.0,18.0,14.0,4.0,6.0,4.0,18.0,14.0,11.0,15.0,3.0,2.0,10.0,12.0,29.0,29
16,17,Empoli,22.0,29.0,5.0,7.0,17.0,17.0,46.0,15.0,15.0,4.0,3.0,8.0,11.0,23.0,7.0,14.0,1.0,4.0,9.0,6.0,23.0,29
17,18,Palermo,15.0,29.0,3.0,6.0,20.0,24.0,60.0,5.0,14.0,1.0,2.0,11.0,7.0,26.0,10.0,15.0,2.0,4.0,9.0,17.0,34.0,29
18,19,Crotone,14.0,29.0,3.0,5.0,21.0,21.0,49.0,12.0,15.0,3.0,3.0,9.0,14.0,22.0,2.0,14.0,0.0,2.0,12.0,7.0,27.0,29
19,20,Pescara,12.0,29.0,2.0,6.0,21.0,29.0,66.0,7.0,14.0,1.0,4.0,9.0,15.0,30.0,5.0,15.0,1.0,2.0,12.0,14.0,36.0,29
0,1,Juventus,74.0,30.0,24.0,2.0,4.0,60.0,20.0,45.0,15.0,15.0,0.0,0.0,38.0,8.0,29.0,15.0,9.0,2.0,4.0,22.0,12.0,30
1,2,Roma,68.0,30.0,22.0,2.0,6.0,66.0,26.0,42.0,15.0,14.0,0.0,1.0,42.0,11.0,26.0,15.0,8.0,2.0,5.0,24.0,15.0,30
2,3,Napoli,64.0,30.0,19.0,7.0,4.0,69.0,33.0,34.0,16.0,10.0,4.0,2.0,34.0,17.0,30.0,14.0,9.0,3.0,2.0,35.0,16.0,30
3,4,Lazio,60.0,30.0,18.0,6.0,6.0,52.0,31.0,32.0,15.0,10.0,2.0,3.0,26.0,12.0,28.0,15.0,8.0,4.0,3.0,26.0,19.0,30
4,5,Atalanta,58.0,30.0,18.0,4.0,8.0,51.0,33.0,31.0,14.0,10.0,1.0,3.0,23.0,12.0,27.0,16.0,8.0,3.0,5.0,28.0,21.0,30
5,6,Inter,55.0,30.0,17.0,4.0,9.0,56.0,33.0,32.0,15.0,10.0,2.0,3.0,36.0,15.0,23.0,15.0,7.0,2.0,6.0,20.0,18.0,30
6,7,Milan,54.0,30.0,16.0,6.0,8.0,43.0,33.0,32.0,15.0,10.0,2.0,3.0,23.0,14.0,22.0,15.0,6.0,4.0,5.0,20.0,19.0,30
7,8,Fiorentina,51.0,30.0,14.0,9.0,7.0,47.0,37.0,31.0,15.0,8.0,7.0,0.0,23.0,13.0,20.0,15.0,6.0,2.0,7.0,24.0,24.0,30
8,9,Sampdoria,44.0,30.0,12.0,8.0,10.0,37.0,35.0,28.0,15.0,8.0,4.0,3.0,22.0,14.0,16.0,15.0,4.0,4.0,7.0,15.0,21.0,30
9,10,Torino,41.0,30.0,10.0,11.0,9.0,56.0,50.0,30.0,15.0,8.0,6.0,1.0,36.0,21.0,11.0,15.0,2.0,5.0,8.0,20.0,29.0,30
10,11,Chievo Verona,38.0,30.0,11.0,5.0,14.0,35.0,43.0,22.0,16.0,6.0,4.0,6.0,20.0,21.0,16.0,14.0,5.0,1.0,8.0,15.0,22.0,30
11,12,Udinese,37.0,30.0,10.0,7.0,13.0,38.0,40.0,21.0,15.0,6.0,3.0,6.0,23.0,20.0,16.0,15.0,4.0,4.0,7.0,15.0,20.0,30
12,13,Cagliari,35.0,30.0,10.0,5.0,15.0,39.0,59.0,24.0,14.0,7.0,3.0,4.0,26.0,28.0,11.0,16.0,3.0,2.0,11.0,13.0,31.0,30
13,14,Bologna,34.0,30.0,9.0,7.0,14.0,29.0,43.0,20.0,15.0,6.0,2.0,7.0,16.0,19.0,14.0,15.0,3.0,5.0,7.0,13.0,24.0,30
14,15,Sassuolo,31.0,30.0,9.0,4.0,17.0,37.0,48.0,16.0,15.0,5.0,1.0,9.0,15.0,21.0,15.0,15.0,4.0,3.0,8.0,22.0,27.0,30
15,16,Genoa,29.0,30.0,7.0,8.0,15.0,30.0,48.0,18.0,15.0,4.0,6.0,5.0,18.0,19.0,11.0,15.0,3.0,2.0,10.0,12.0,29.0,30
16,17,Empoli,22.0,30.0,5.0,7.0,18.0,17.0,48.0,15.0,15.0,4.0,3.0,8.0,11.0,23.0,7.0,15.0,1.0,4.0,10.0,6.0,25.0,30
17,18,Crotone,17.0,30.0,4.0,5.0,21.0,23.0,50.0,12.0,15.0,3.0,3.0,9.0,14.0,22.0,5.0,15.0,1.0,2.0,12.0,9.0,28.0,30
18,19,Palermo,15.0,30.0,3.0,6.0,21.0,25.0,63.0,5.0,15.0,1.0,2.0,12.0,8.0,29.0,10.0,15.0,2.0,4.0,9.0,17.0,34.0,30
19,20,Pescara,13.0,30.0,2.0,7.0,21.0,30.0,67.0,8.0,15.0,1.0,5.0,9.0,16.0,31.0,5.0,15.0,1.0,2.0,12.0,14.0,36.0,30
0,1,Juventus,77.0,31.0,25.0,2.0,4.0,62.0,20.0,48.0,16.0,16.0,0.0,0.0,40.0,8.0,29.0,15.0,9.0,2.0,4.0,22.0,12.0,31
1,2,Roma,71.0,31.0,23.0,2.0,6.0,69.0,26.0,42.0,15.0,14.0,0.0,1.0,42.0,11.0,29.0,16.0,9.0,2.0,5.0,27.0,15.0,31
2,3,Napoli,67.0,31.0,20.0,7.0,4.0,72.0,33.0,34.0,16.0,10.0,4.0,2.0,34.0,17.0,33.0,15.0,10.0,3.0,2.0,38.0,16.0,31
3,4,Lazio,60.0,31.0,18.0,6.0,7.0,52.0,34.0,32.0,16.0,10.0,2.0,4.0,26.0,15.0,28.0,15.0,8.0,4.0,3.0,26.0,19.0,31
4,5,Atalanta,59.0,31.0,18.0,5.0,8.0,52.0,34.0,32.0,15.0,10.0,2.0,3.0,24.0,13.0,27.0,16.0,8.0,3.0,5.0,28.0,21.0,31
5,6,Milan,57.0,31.0,17.0,6.0,8.0,47.0,33.0,35.0,16.0,11.0,2.0,3.0,27.0,14.0,22.0,15.0,6.0,4.0,5.0,20.0,19.0,31
6,7,Inter,55.0,31.0,17.0,4.0,10.0,57.0,35.0,32.0,15.0,10.0,2.0,3.0,36.0,15.0,23.0,16.0,7.0,2.0,7.0,21.0,20.0,31
7,8,Fiorentina,52.0,31.0,14.0,10.0,7.0,49.0,39.0,31.0,15.0,8.0,7.0,0.0,23.0,13.0,21.0,16.0,6.0,3.0,7.0,26.0,26.0,31
8,9,Sampdoria,45.0,31.0,12.0,9.0,10.0,39.0,37.0,29.0,16.0,8.0,5.0,3.0,24.0,16.0,16.0,15.0,4.0,4.0,7.0,15.0,21.0,31
9,10,Torino,44.0,31.0,11.0,11.0,9.0,59.0,52.0,30.0,15.0,8.0,6.0,1.0,36.0,21.0,14.0,16.0,3.0,5.0,8.0,23.0,31.0,31
10,11,Udinese,40.0,31.0,11.0,7.0,13.0,41.0,40.0,24.0,16.0,7.0,3.0,6.0,26.0,20.0,16.0,15.0,4.0,4.0,7.0,15.0,20.0,31
11,12,Chievo Verona,38.0,31.0,11.0,5.0,15.0,35.0,45.0,22.0,16.0,6.0,4.0,6.0,20.0,21.0,16.0,15.0,5.0,1.0,9.0,15.0,24.0,31
12,13,Cagliari,35.0,31.0,10.0,5.0,16.0,41.0,62.0,24.0,15.0,7.0,3.0,5.0,28.0,31.0,11.0,16.0,3.0,2.0,11.0,13.0,31.0,31
13,14,Bologna,34.0,31.0,9.0,7.0,15.0,29.0,46.0,20.0,16.0,6.0,2.0,8.0,16.0,22.0,14.0,15.0,3.0,5.0,7.0,13.0,24.0,31
14,15,Sassuolo,32.0,31.0,9.0,5.0,17.0,38.0,49.0,16.0,15.0,5.0,1.0,9.0,15.0,21.0,16.0,16.0,4.0,4.0,8.0,23.0,28.0,31
15,16,Genoa,29.0,31.0,7.0,8.0,16.0,30.0,51.0,18.0,15.0,4.0,6.0,5.0,18.0,19.0,11.0,16.0,3.0,2.0,11.0,12.0,32.0,31
16,17,Empoli,23.0,31.0,5.0,8.0,18.0,18.0,49.0,16.0,16.0,4.0,4.0,8.0,12.0,24.0,7.0,15.0,1.0,4.0,10.0,6.0,25.0,31
17,18,Crotone,20.0,31.0,5.0,5.0,21.0,25.0,51.0,15.0,16.0,4.0,3.0,9.0,16.0,23.0,5.0,15.0,1.0,2.0,12.0,9.0,28.0,31
18,19,Palermo,15.0,31.0,3.0,6.0,22.0,25.0,67.0,5.0,15.0,1.0,2.0,12.0,8.0,29.0,10.0,16.0,2.0,4.0,10.0,17.0,38.0,31
19,20,Pescara,14.0,31.0,2.0,8.0,21.0,31.0,68.0,8.0,15.0,1.0,5.0,9.0,16.0,31.0,6.0,16.0,1.0,3.0,12.0,15.0,37.0,31
0,1,Juventus,80.0,32.0,26.0,2.0,4.0,64.0,20.0,48.0,16.0,16.0,0.0,0.0,40.0,8.0,32.0,16.0,10.0,2.0,4.0,24.0,12.0,32
1,2,Roma,72.0,32.0,23.0,3.0,6.0,70.0,27.0,43.0,16.0,14.0,1.0,1.0,43.0,12.0,29.0,16.0,9.0,2.0,5.0,27.0,15.0,32
2,3,Napoli,70.0,32.0,21.0,7.0,4.0,75.0,33.0,37.0,17.0,11.0,4.0,2.0,37.0,17.0,33.0,15.0,10.0,3.0,2.0,38.0,16.0,32
3,4,Lazio,61.0,32.0,18.0,7.0,7.0,54.0,36.0,32.0,16.0,10.0,2.0,4.0,26.0,15.0,29.0,16.0,8.0,5.0,3.0,28.0,21.0,32
4,5,Atalanta,60.0,32.0,18.0,6.0,8.0,53.0,35.0,32.0,15.0,10.0,2.0,3.0,24.0,13.0,28.0,17.0,8.0,4.0,5.0,29.0,22.0,32
5,6,Milan,58.0,32.0,17.0,7.0,8.0,49.0,35.0,35.0,16.0,11.0,2.0,3.0,27.0,14.0,23.0,16.0,6.0,5.0,5.0,22.0,21.0,32
6,7,Inter,56.0,32.0,17.0,5.0,10.0,59.0,37.0,33.0,16.0,10.0,3.0,3.0,38.0,17.0,23.0,16.0,7.0,2.0,7.0,21.0,20.0,32
7,8,Fiorentina,52.0,32.0,14.0,10.0,8.0,50.0,41.0,31.0,16.0,8.0,7.0,1.0,24.0,15.0,21.0,16.0,6.0,3.0,7.0,26.0,26.0,32
8,9,Sampdoria,45.0,32.0,12.0,9.0,11.0,40.0,39.0,29.0,16.0,8.0,5.0,3.0,24.0,16.0,16.0,16.0,4.0,4.0,8.0,16.0,23.0,32
9,10,Torino,45.0,32.0,11.0,12.0,9.0,60.0,53.0,31.0,16.0,8.0,7.0,1.0,37.0,22.0,14.0,16.0,3.0,5.0,8.0,23.0,31.0,32
10,11,Udinese,40.0,32.0,11.0,7.0,14.0,41.0,43.0,24.0,16.0,7.0,3.0,6.0,26.0,20.0,16.0,16.0,4.0,4.0,8.0,15.0,23.0,32
11,12,Chievo Verona,38.0,32.0,11.0,5.0,16.0,35.0,49.0,22.0,16.0,6.0,4.0,6.0,20.0,21.0,16.0,16.0,5.0,1.0,10.0,15.0,28.0,32
12,13,Cagliari,38.0,32.0,11.0,5.0,16.0,45.0,62.0,27.0,16.0,8.0,3.0,5.0,32.0,31.0,11.0,16.0,3.0,2.0,11.0,13.0,31.0,32
13,14,Bologna,35.0,32.0,9.0,8.0,15.0,29.0,46.0,20.0,16.0,6.0,2.0,8.0,16.0,22.0,15.0,16.0,3.0,6.0,7.0,13.0,24.0,32
14,15,Sassuolo,35.0,32.0,10.0,5.0,17.0,40.0,50.0,19.0,16.0,6.0,1.0,9.0,17.0,22.0,16.0,16.0,4.0,4.0,8.0,23.0,28.0,32
15,16,Genoa,30.0,32.0,7.0,9.0,16.0,32.0,53.0,19.0,16.0,4.0,7.0,5.0,20.0,21.0,11.0,16.0,3.0,2.0,11.0,12.0,32.0,32
16,17,Empoli,26.0,32.0,6.0,8.0,18.0,20.0,50.0,16.0,16.0,4.0,4.0,8.0,12.0,24.0,10.0,16.0,2.0,4.0,10.0,8.0,26.0,32
17,18,Crotone,21.0,32.0,5.0,6.0,21.0,26.0,52.0,15.0,16.0,4.0,3.0,9.0,16.0,23.0,6.0,16.0,1.0,3.0,12.0,10.0,29.0,32
18,19,Palermo,16.0,32.0,3.0,7.0,22.0,25.0,67.0,6.0,16.0,1.0,3.0,12.0,8.0,29.0,10.0,16.0,2.0,4.0,10.0,17.0,38.0,32
19,20,Pescara,14.0,32.0,2.0,8.0,22.0,31.0,70.0,8.0,16.0,1.0,5.0,10.0,16.0,33.0,6.0,16.0,1.0,3.0,12.0,15.0,37.0,32
0,1,Juventus,83.0,33.0,27.0,2.0,4.0,68.0,20.0,51.0,17.0,17.0,0.0,0.0,44.0,8.0,32.0,16.0,10.0,2.0,4.0,24.0,12.0,33
1,2,Roma,75.0,33.0,24.0,3.0,6.0,74.0,28.0,43.0,16.0,14.0,1.0,1.0,43.0,12.0,32.0,17.0,10.0,2.0,5.0,31.0,16.0,33
2,3,Napoli,71.0,33.0,21.0,8.0,4.0,77.0,35.0,37.0,17.0,11.0,4.0,2.0,37.0,17.0,34.0,16.0,10.0,4.0,2.0,40.0,18.0,33
3,4,Lazio,64.0,33.0,19.0,7.0,7.0,60.0,38.0,35.0,17.0,11.0,2.0,4.0,32.0,17.0,29.0,16.0,8.0,5.0,3.0,28.0,21.0,33
4,5,Atalanta,63.0,33.0,19.0,6.0,8.0,56.0,37.0,35.0,16.0,11.0,2.0,3.0,27.0,15.0,28.0,17.0,8.0,4.0,5.0,29.0,22.0,33
5,6,Milan,58.0,33.0,17.0,7.0,9.0,50.0,37.0,35.0,17.0,11.0,2.0,4.0,28.0,16.0,23.0,16.0,6.0,5.0,5.0,22.0,21.0,33
6,7,Inter,56.0,33.0,17.0,5.0,11.0,63.0,42.0,33.0,16.0,10.0,3.0,3.0,38.0,17.0,23.0,17.0,7.0,2.0,8.0,25.0,25.0,33
7,8,Fiorentina,55.0,33.0,15.0,10.0,8.0,55.0,45.0,34.0,17.0,9.0,7.0,1.0,29.0,19.0,21.0,16.0,6.0,3.0,7.0,26.0,26.0,33
8,9,Torino,48.0,33.0,12.0,12.0,9.0,63.0,54.0,31.0,16.0,8.0,7.0,1.0,37.0,22.0,17.0,17.0,4.0,5.0,8.0,26.0,32.0,33
9,10,Sampdoria,45.0,33.0,12.0,9.0,12.0,41.0,41.0,29.0,17.0,8.0,5.0,4.0,25.0,18.0,16.0,16.0,4.0,4.0,8.0,16.0,23.0,33
10,11,Udinese,43.0,33.0,12.0,7.0,14.0,43.0,44.0,27.0,17.0,8.0,3.0,6.0,28.0,21.0,16.0,16.0,4.0,4.0,8.0,15.0,23.0,33
11,12,Chievo Verona,38.0,33.0,11.0,5.0,17.0,36.0,52.0,22.0,17.0,6.0,4.0,7.0,21.0,24.0,16.0,16.0,5.0,1.0,10.0,15.0,28.0,33
12,13,Cagliari,38.0,33.0,11.0,5.0,17.0,46.0,64.0,27.0,16.0,8.0,3.0,5.0,32.0,31.0,11.0,17.0,3.0,2.0,12.0,14.0,33.0,33
13,14,Sassuolo,36.0,33.0,10.0,6.0,17.0,42.0,52.0,20.0,17.0,6.0,2.0,9.0,19.0,24.0,16.0,16.0,4.0,4.0,8.0,23.0,28.0,33
14,15,Bologna,35.0,33.0,9.0,8.0,16.0,31.0,49.0,20.0,16.0,6.0,2.0,8.0,16.0,22.0,15.0,17.0,3.0,6.0,8.0,15.0,27.0,33
15,16,Genoa,30.0,33.0,7.0,9.0,17.0,32.0,57.0,19.0,16.0,4.0,7.0,5.0,20.0,21.0,11.0,17.0,3.0,2.0,12.0,12.0,36.0,33
16,17,Empoli,29.0,33.0,7.0,8.0,18.0,22.0,51.0,16.0,16.0,4.0,4.0,8.0,12.0,24.0,13.0,17.0,3.0,4.0,10.0,10.0,27.0,33
17,18,Crotone,24.0,33.0,6.0,6.0,21.0,28.0,53.0,15.0,16.0,4.0,3.0,9.0,16.0,23.0,9.0,17.0,2.0,3.0,12.0,12.0,30.0,33
18,19,Palermo,16.0,33.0,3.0,7.0,23.0,27.0,73.0,6.0,16.0,1.0,3.0,12.0,8.0,29.0,10.0,17.0,2.0,4.0,11.0,19.0,44.0,33
19,20,Pescara,14.0,33.0,2.0,8.0,23.0,32.0,74.0,8.0,17.0,1.0,5.0,11.0,17.0,37.0,6.0,16.0,1.0,3.0,12.0,15.0,37.0,33
0,1,Juventus,84.0,34.0,27.0,3.0,4.0,70.0,22.0,51.0,17.0,17.0,0.0,0.0,44.0,8.0,33.0,17.0,10.0,3.0,4.0,26.0,14.0,34
1,2,Roma,75.0,34.0,24.0,3.0,7.0,75.0,31.0,43.0,17.0,14.0,1.0,2.0,44.0,15.0,32.0,17.0,10.0,2.0,5.0,31.0,16.0,34
2,3,Napoli,74.0,34.0,22.0,8.0,4.0,78.0,35.0,37.0,17.0,11.0,4.0,2.0,37.0,17.0,37.0,17.0,11.0,4.0,2.0,41.0,18.0,34
3,4,Lazio,67.0,34.0,20.0,7.0,7.0,63.0,39.0,35.0,17.0,11.0,2.0,4.0,32.0,17.0,32.0,17.0,9.0,5.0,3.0,31.0,22.0,34
4,5,Atalanta,64.0,34.0,19.0,7.0,8.0,58.0,39.0,36.0,17.0,11.0,3.0,3.0,29.0,17.0,28.0,17.0,8.0,4.0,5.0,29.0,22.0,34
5,6,Milan,59.0,34.0,17.0,8.0,9.0,51.0,38.0,35.0,17.0,11.0,2.0,4.0,28.0,16.0,24.0,17.0,6.0,6.0,5.0,23.0,22.0,34
6,7,Inter,56.0,34.0,17.0,5.0,12.0,63.0,43.0,33.0,17.0,10.0,3.0,4.0,38.0,18.0,23.0,17.0,7.0,2.0,8.0,25.0,25.0,34
7,8,Fiorentina,55.0,34.0,15.0,10.0,9.0,55.0,47.0,34.0,17.0,9.0,7.0,1.0,29.0,19.0,21.0,17.0,6.0,3.0,8.0,26.0,28.0,34
8,9,Torino,49.0,34.0,12.0,13.0,9.0,64.0,55.0,32.0,17.0,8.0,8.0,1.0,38.0,23.0,17.0,17.0,4.0,5.0,8.0,26.0,32.0,34
9,10,Sampdoria,46.0,34.0,12.0,10.0,12.0,42.0,42.0,29.0,17.0,8.0,5.0,4.0,25.0,18.0,17.0,17.0,4.0,5.0,8.0,17.0,24.0,34
10,11,Udinese,43.0,34.0,12.0,7.0,15.0,43.0,48.0,27.0,17.0,8.0,3.0,6.0,28.0,21.0,16.0,17.0,4.0,4.0,9.0,15.0,27.0,34
11,12,Chievo Verona,41.0,34.0,12.0,5.0,17.0,38.0,53.0,22.0,17.0,6.0,4.0,7.0,21.0,24.0,19.0,17.0,6.0,1.0,10.0,17.0,29.0,34
12,13,Cagliari,41.0,34.0,12.0,5.0,17.0,47.0,64.0,30.0,17.0,9.0,3.0,5.0,33.0,31.0,11.0,17.0,3.0,2.0,12.0,14.0,33.0,34
13,14,Sassuolo,39.0,34.0,11.0,6.0,17.0,45.0,53.0,20.0,17.0,6.0,2.0,9.0,19.0,24.0,19.0,17.0,5.0,4.0,8.0,26.0,29.0,34
14,15,Bologna,38.0,34.0,10.0,8.0,16.0,35.0,49.0,23.0,17.0,7.0,2.0,8.0,20.0,22.0,15.0,17.0,3.0,6.0,8.0,15.0,27.0,34
15,16,Genoa,30.0,34.0,7.0,9.0,18.0,33.0,59.0,19.0,17.0,4.0,7.0,6.0,21.0,23.0,11.0,17.0,3.0,2.0,12.0,12.0,36.0,34
16,17,Empoli,29.0,34.0,7.0,8.0,19.0,23.0,54.0,16.0,17.0,4.0,4.0,9.0,13.0,27.0,13.0,17.0,3.0,4.0,10.0,10.0,27.0,34
17,18,Crotone,25.0,34.0,6.0,7.0,21.0,29.0,54.0,16.0,17.0,4.0,4.0,9.0,17.0,24.0,9.0,17.0,2.0,3.0,12.0,12.0,30.0,34
18,19,Palermo,19.0,34.0,4.0,7.0,23.0,29.0,73.0,9.0,17.0,2.0,3.0,12.0,10.0,29.0,10.0,17.0,2.0,4.0,11.0,19.0,44.0,34
19,20,Pescara,14.0,34.0,2.0,8.0,24.0,32.0,75.0,8.0,17.0,1.0,5.0,11.0,17.0,37.0,6.0,17.0,1.0,3.0,13.0,15.0,38.0,34
0,1,Juventus,85.0,35.0,27.0,4.0,4.0,71.0,23.0,52.0,18.0,17.0,1.0,0.0,45.0,9.0,33.0,17.0,10.0,3.0,4.0,26.0,14.0,35
1,2,Roma,78.0,35.0,25.0,3.0,7.0,79.0,32.0,43.0,17.0,14.0,1.0,2.0,44.0,15.0,35.0,18.0,11.0,2.0,5.0,35.0,17.0,35
2,3,Napoli,77.0,35.0,23.0,8.0,4.0,81.0,36.0,40.0,18.0,12.0,4.0,2.0,40.0,18.0,37.0,17.0,11.0,4.0,2.0,41.0,18.0,35
3,4,Lazio,70.0,35.0,21.0,7.0,7.0,70.0,42.0,38.0,18.0,12.0,2.0,4.0,39.0,20.0,32.0,17.0,9.0,5.0,3.0,31.0,22.0,35
4,5,Atalanta,65.0,35.0,19.0,8.0,8.0,59.0,40.0,36.0,17.0,11.0,3.0,3.0,29.0,17.0,29.0,18.0,8.0,5.0,5.0,30.0,23.0,35
5,6,Milan,59.0,35.0,17.0,8.0,10.0,52.0,42.0,35.0,18.0,11.0,2.0,5.0,29.0,20.0,24.0,17.0,6.0,6.0,5.0,23.0,22.0,35
6,7,Fiorentina,56.0,35.0,15.0,11.0,9.0,57.0,49.0,34.0,17.0,9.0,7.0,1.0,29.0,19.0,22.0,18.0,6.0,4.0,8.0,28.0,30.0,35
7,8,Inter,56.0,35.0,17.0,5.0,13.0,63.0,44.0,33.0,17.0,10.0,3.0,4.0,38.0,18.0,23.0,18.0,7.0,2.0,9.0,25.0,26.0,35
8,9,Torino,50.0,35.0,12.0,14.0,9.0,65.0,56.0,32.0,17.0,8.0,8.0,1.0,38.0,23.0,18.0,18.0,4.0,6.0,8.0,27.0,33.0,35
9,10,Sampdoria,46.0,35.0,12.0,10.0,13.0,45.0,49.0,29.0,17.0,8.0,5.0,4.0,25.0,18.0,17.0,18.0,4.0,5.0,9.0,20.0,31.0,35
10,11,Udinese,44.0,35.0,12.0,8.0,15.0,44.0,49.0,28.0,18.0,8.0,4.0,6.0,29.0,22.0,16.0,17.0,4.0,4.0,9.0,15.0,27.0,35
11,12,Chievo Verona,42.0,35.0,12.0,6.0,17.0,39.0,54.0,23.0,18.0,6.0,5.0,7.0,22.0,25.0,19.0,17.0,6.0,1.0,10.0,17.0,29.0,35
12,13,Cagliari,41.0,35.0,12.0,5.0,18.0,48.0,67.0,30.0,17.0,9.0,3.0,5.0,33.0,31.0,11.0,18.0,3.0,2.0,13.0,15.0,36.0,35
13,14,Sassuolo,40.0,35.0,11.0,7.0,17.0,47.0,55.0,21.0,18.0,6.0,3.0,9.0,21.0,26.0,19.0,17.0,5.0,4.0,8.0,26.0,29.0,35
14,15,Bologna,38.0,35.0,10.0,8.0,17.0,36.0,52.0,23.0,17.0,7.0,2.0,8.0,20.0,22.0,15.0,18.0,3.0,6.0,9.0,16.0,30.0,35
15,16,Genoa,33.0,35.0,8.0,9.0,18.0,34.0,59.0,22.0,18.0,5.0,7.0,6.0,22.0,23.0,11.0,17.0,3.0,2.0,12.0,12.0,36.0,35
16,17,Empoli,32.0,35.0,8.0,8.0,19.0,26.0,55.0,19.0,18.0,5.0,4.0,9.0,16.0,28.0,13.0,17.0,3.0,4.0,10.0,10.0,27.0,35
17,18,Crotone,28.0,35.0,7.0,7.0,21.0,30.0,54.0,16.0,17.0,4.0,4.0,9.0,17.0,24.0,12.0,18.0,3.0,3.0,12.0,13.0,30.0,35
18,19,Palermo,20.0,35.0,4.0,8.0,23.0,30.0,74.0,9.0,17.0,2.0,3.0,12.0,10.0,29.0,11.0,18.0,2.0,5.0,11.0,20.0,45.0,35
19,20,Pescara,14.0,35.0,2.0,8.0,25.0,32.0,76.0,8.0,18.0,1.0,5.0,12.0,17.0,38.0,6.0,17.0,1.0,3.0,13.0,15.0,38.0,35
0,1,Juventus,85.0,36.0,27.0,4.0,5.0,72.0,26.0,52.0,18.0,17.0,1.0,0.0,45.0,9.0,33.0,18.0,10.0,3.0,5.0,27.0,17.0,36
1,2,Roma,81.0,36.0,26.0,3.0,7.0,82.0,33.0,46.0,18.0,15.0,1.0,2.0,47.0,16.0,35.0,18.0,11.0,2.0,5.0,35.0,17.0,36
2,3,Napoli,80.0,36.0,24.0,8.0,4.0,86.0,36.0,40.0,18.0,12.0,4.0,2.0,40.0,18.0,40.0,18.0,12.0,4.0,2.0,46.0,18.0,36
3,4,Lazio,70.0,36.0,21.0,7.0,8.0,72.0,45.0,38.0,18.0,12.0,2.0,4.0,39.0,20.0,32.0,18.0,9.0,5.0,4.0,33.0,25.0,36
4,5,Atalanta,66.0,36.0,19.0,9.0,8.0,60.0,41.0,37.0,18.0,11.0,4.0,3.0,30.0,18.0,29.0,18.0,8.0,5.0,5.0,30.0,23.0,36
5,6,Milan,60.0,36.0,17.0,9.0,10.0,53.0,43.0,35.0,18.0,11.0,2.0,5.0,29.0,20.0,25.0,18.0,6.0,7.0,5.0,24.0,23.0,36
6,7,Fiorentina,59.0,36.0,16.0,11.0,9.0,60.0,51.0,37.0,18.0,10.0,7.0,1.0,32.0,21.0,22.0,18.0,6.0,4.0,8.0,28.0,30.0,36
7,8,Inter,56.0,36.0,17.0,5.0,14.0,64.0,46.0,33.0,18.0,10.0,3.0,5.0,39.0,20.0,23.0,18.0,7.0,2.0,9.0,25.0,26.0,36
8,9,Torino,50.0,36.0,12.0,14.0,10.0,65.0,61.0,32.0,18.0,8.0,8.0,2.0,38.0,28.0,18.0,18.0,4.0,6.0,8.0,27.0,33.0,36
9,10,Sampdoria,47.0,36.0,12.0,11.0,13.0,46.0,50.0,30.0,18.0,8.0,6.0,4.0,26.0,19.0,17.0,18.0,4.0,5.0,9.0,20.0,31.0,36
10,11,Cagliari,44.0,36.0,13.0,5.0,18.0,51.0,69.0,33.0,18.0,10.0,3.0,5.0,36.0,33.0,11.0,18.0,3.0,2.0,13.0,15.0,36.0,36
11,12,Udinese,44.0,36.0,12.0,8.0,16.0,44.0,50.0,28.0,18.0,8.0,4.0,6.0,29.0,22.0,16.0,18.0,4.0,4.0,10.0,15.0,28.0,36
12,13,Chievo Verona,43.0,36.0,12.0,7.0,17.0,40.0,55.0,23.0,18.0,6.0,5.0,7.0,22.0,25.0,20.0,18.0,6.0,2.0,10.0,18.0,30.0,36
13,14,Sassuolo,43.0,36.0,12.0,7.0,17.0,49.0,56.0,21.0,18.0,6.0,3.0,9.0,21.0,26.0,22.0,18.0,6.0,4.0,8.0,28.0,30.0,36
14,15,Bologna,41.0,36.0,11.0,8.0,17.0,39.0,53.0,26.0,18.0,8.0,2.0,8.0,23.0,23.0,15.0,18.0,3.0,6.0,9.0,16.0,30.0,36
15,16,Genoa,33.0,36.0,8.0,9.0,19.0,34.0,60.0,22.0,18.0,5.0,7.0,6.0,22.0,23.0,11.0,18.0,3.0,2.0,13.0,12.0,37.0,36
16,17,Empoli,32.0,36.0,8.0,8.0,20.0,28.0,58.0,19.0,18.0,5.0,4.0,9.0,16.0,28.0,13.0,18.0,3.0,4.0,11.0,12.0,30.0,36
17,18,Crotone,31.0,36.0,8.0,7.0,21.0,31.0,54.0,19.0,18.0,5.0,4.0,9.0,18.0,24.0,12.0,18.0,3.0,3.0,12.0,13.0,30.0,36
18,19,Palermo,23.0,36.0,5.0,8.0,23.0,31.0,74.0,12.0,18.0,3.0,3.0,12.0,11.0,29.0,11.0,18.0,2.0,5.0,11.0,20.0,45.0,36
19,20,Pescara,14.0,36.0,2.0,8.0,26.0,33.0,79.0,8.0,18.0,1.0,5.0,12.0,17.0,38.0,6.0,18.0,1.0,3.0,14.0,16.0,41.0,36
0,1,Juventus,88.0,37.0,28.0,4.0,5.0,75.0,26.0,55.0,19.0,18.0,1.0,0.0,48.0,9.0,33.0,18.0,10.0,3.0,5.0,27.0,17.0,37
1,2,Roma,84.0,37.0,27.0,3.0,7.0,87.0,36.0,46.0,18.0,15.0,1.0,2.0,47.0,16.0,38.0,19.0,12.0,2.0,5.0,40.0,20.0,37
2,3,Napoli,83.0,37.0,25.0,8.0,4.0,90.0,37.0,43.0,19.0,13.0,4.0,2.0,44.0,19.0,40.0,18.0,12.0,4.0,2.0,46.0,18.0,37
3,4,Lazio,70.0,37.0,21.0,7.0,9.0,73.0,48.0,38.0,19.0,12.0,2.0,5.0,40.0,23.0,32.0,18.0,9.0,5.0,4.0,33.0,25.0,37
4,5,Atalanta,69.0,37.0,20.0,9.0,8.0,61.0,41.0,37.0,18.0,11.0,4.0,3.0,30.0,18.0,32.0,19.0,9.0,5.0,5.0,31.0,23.0,37
5,6,Milan,63.0,37.0,18.0,9.0,10.0,56.0,43.0,38.0,19.0,12.0,2.0,5.0,32.0,20.0,25.0,18.0,6.0,7.0,5.0,24.0,23.0,37
6,7,Fiorentina,59.0,37.0,16.0,11.0,10.0,61.0,55.0,37.0,18.0,10.0,7.0,1.0,32.0,21.0,22.0,19.0,6.0,4.0,9.0,29.0,34.0,37
7,8,Inter,59.0,37.0,18.0,5.0,14.0,67.0,47.0,33.0,18.0,10.0,3.0,5.0,39.0,20.0,26.0,19.0,8.0,2.0,9.0,28.0,27.0,37
8,9,Torino,50.0,37.0,12.0,14.0,11.0,66.0,63.0,32.0,18.0,8.0,8.0,2.0,38.0,28.0,18.0,19.0,4.0,6.0,9.0,28.0,35.0,37
9,10,Sampdoria,48.0,37.0,12.0,12.0,13.0,47.0,51.0,30.0,18.0,8.0,6.0,4.0,26.0,19.0,18.0,19.0,4.0,6.0,9.0,21.0,32.0,37
10,11,Sassuolo,46.0,37.0,13.0,7.0,17.0,55.0,58.0,24.0,19.0,7.0,3.0,9.0,27.0,28.0,22.0,18.0,6.0,4.0,8.0,28.0,30.0,37
11,12,Udinese,45.0,37.0,12.0,9.0,16.0,45.0,51.0,29.0,19.0,8.0,5.0,6.0,30.0,23.0,16.0,18.0,4.0,4.0,10.0,15.0,28.0,37
12,13,Cagliari,44.0,37.0,13.0,5.0,19.0,53.0,75.0,33.0,18.0,10.0,3.0,5.0,36.0,33.0,11.0,19.0,3.0,2.0,14.0,17.0,42.0,37
13,14,Chievo Verona,43.0,37.0,12.0,7.0,18.0,43.0,60.0,23.0,19.0,6.0,5.0,8.0,25.0,30.0,20.0,18.0,6.0,2.0,10.0,18.0,30.0,37
14,15,Bologna,41.0,37.0,11.0,8.0,18.0,39.0,56.0,26.0,18.0,8.0,2.0,8.0,23.0,23.0,15.0,19.0,3.0,6.0,10.0,16.0,33.0,37
15,16,Genoa,36.0,37.0,9.0,9.0,19.0,36.0,61.0,25.0,19.0,6.0,7.0,6.0,24.0,24.0,11.0,18.0,3.0,2.0,13.0,12.0,37.0,37
16,17,Empoli,32.0,37.0,8.0,8.0,21.0,28.0,59.0,19.0,19.0,5.0,4.0,10.0,16.0,29.0,13.0,18.0,3.0,4.0,11.0,12.0,30.0,37
17,18,Crotone,31.0,37.0,8.0,7.0,22.0,31.0,57.0,19.0,18.0,5.0,4.0,9.0,18.0,24.0,12.0,19.0,3.0,3.0,13.0,13.0,33.0,37
18,19,Palermo,23.0,37.0,5.0,8.0,24.0,31.0,76.0,12.0,18.0,3.0,3.0,12.0,11.0,29.0,11.0,19.0,2.0,5.0,12.0,20.0,47.0,37
19,20,Pescara,17.0,37.0,3.0,8.0,26.0,35.0,79.0,11.0,19.0,2.0,5.0,12.0,19.0,38.0,6.0,18.0,1.0,3.0,14.0,16.0,41.0,37
0,1,Juventus,91.0,38.0,29.0,4.0,5.0,77.0,27.0,55.0,19.0,18.0,1.0,0.0,48.0,9.0,36.0,19.0,11.0,3.0,5.0,29.0,18.0,38
1,2,Roma,87.0,38.0,28.0,3.0,7.0,90.0,38.0,49.0,19.0,16.0,1.0,2.0,50.0,18.0,38.0,19.0,12.0,2.0,5.0,40.0,20.0,38
2,3,Napoli,86.0,38.0,26.0,8.0,4.0,94.0,39.0,43.0,19.0,13.0,4.0,2.0,44.0,19.0,43.0,19.0,13.0,4.0,2.0,50.0,20.0,38
3,4,Atalanta,72.0,38.0,21.0,9.0,8.0,62.0,41.0,40.0,19.0,12.0,4.0,3.0,31.0,18.0,32.0,19.0,9.0,5.0,5.0,31.0,23.0,38
4,5,Lazio,70.0,38.0,21.0,7.0,10.0,74.0,51.0,38.0,19.0,12.0,2.0,5.0,40.0,23.0,32.0,19.0,9.0,5.0,5.0,34.0,28.0,38
5,6,Milan,63.0,38.0,18.0,9.0,11.0,57.0,45.0,38.0,19.0,12.0,2.0,5.0,32.0,20.0,25.0,19.0,6.0,7.0,6.0,25.0,25.0,38
6,7,Inter,62.0,38.0,19.0,5.0,14.0,72.0,49.0,36.0,19.0,11.0,3.0,5.0,44.0,22.0,26.0,19.0,8.0,2.0,9.0,28.0,27.0,38
7,8,Fiorentina,60.0,38.0,16.0,12.0,10.0,63.0,57.0,38.0,19.0,10.0,8.0,1.0,34.0,23.0,22.0,19.0,6.0,4.0,9.0,29.0,34.0,38
8,9,Torino,53.0,38.0,13.0,14.0,11.0,71.0,66.0,35.0,19.0,9.0,8.0,2.0,43.0,31.0,18.0,19.0,4.0,6.0,9.0,28.0,35.0,38
9,10,Sampdoria,48.0,38.0,12.0,12.0,14.0,49.0,55.0,30.0,19.0,8.0,6.0,5.0,28.0,23.0,18.0,19.0,4.0,6.0,9.0,21.0,32.0,38
10,11,Cagliari,47.0,38.0,14.0,5.0,19.0,55.0,76.0,36.0,19.0,11.0,3.0,5.0,38.0,34.0,11.0,19.0,3.0,2.0,14.0,17.0,42.0,38
11,12,Sassuolo,46.0,38.0,13.0,7.0,18.0,58.0,63.0,24.0,19.0,7.0,3.0,9.0,27.0,28.0,22.0,19.0,6.0,4.0,9.0,31.0,35.0,38
12,13,Udinese,45.0,38.0,12.0,9.0,17.0,47.0,56.0,29.0,19.0,8.0,5.0,6.0,30.0,23.0,16.0,19.0,4.0,4.0,11.0,17.0,33.0,38
13,14,Chievo Verona,43.0,38.0,12.0,7.0,19.0,43.0,61.0,23.0,19.0,6.0,5.0,8.0,25.0,30.0,20.0,19.0,6.0,2.0,11.0,18.0,31.0,38
14,15,Bologna,41.0,38.0,11.0,8.0,19.0,40.0,58.0,26.0,19.0,8.0,2.0,9.0,24.0,25.0,15.0,19.0,3.0,6.0,10.0,16.0,33.0,38
15,16,Genoa,36.0,38.0,9.0,9.0,20.0,38.0,64.0,25.0,19.0,6.0,7.0,6.0,24.0,24.0,11.0,19.0,3.0,2.0,14.0,14.0,40.0,38
16,17,Crotone,34.0,38.0,9.0,7.0,22.0,34.0,58.0,22.0,19.0,6.0,4.0,9.0,21.0,25.0,12.0,19.0,3.0,3.0,13.0,13.0,33.0,38
17,18,Empoli,32.0,38.0,8.0,8.0,22.0,29.0,61.0,19.0,19.0,5.0,4.0,10.0,16.0,29.0,13.0,19.0,3.0,4.0,12.0,13.0,32.0,38
18,19,Palermo,26.0,38.0,6.0,8.0,24.0,33.0,77.0,15.0,19.0,4.0,3.0,12.0,13.0,30.0,11.0,19.0,2.0,5.0,12.0,20.0,47.0,38
19,20,Pescara,18.0,38.0,3.0,9.0,26.0,37.0,81.0,11.0,19.0,2.0,5.0,12.0,19.0,38.0,7.0,19.0,1.0,4.0,14.0,18.0,43.0,38
